"Host","Parasitoid","Temp","H/P","Sex","individual","body_weight"
"BIP","A",28,"H","F",1,0.138
"BIP","A",28,"H","F",2,0.143
"BIP","A",28,"H","F",3,0.123
"BIP","A",28,"H","F",4,0.147
"BIP","A",28,"H","F",5,0.191
"BIP","A",28,"H","F",6,0.147
"BIP","A",28,"H","F",7,0.128
"BIP","A",28,"H","F",8,0.127
"BIP","A",28,"H","F",9,0.144
"BIP","A",28,"H","F",10,0.185
"BIP","A",28,"H","F",11,0.178
"BIP","A",28,"H","F",12,0.145
"BIP","A",28,"H","F",13,0.156
"BIP","A",28,"H","F",14,0.151
"BIP","A",28,"H","F",15,0.14
"BIP","A",28,"H","F",16,0.144
"BIP","A",28,"H","F",17,0.165
"BIP","A",28,"H","F",18,0.141
"BIP","A",28,"H","F",19,0.148
"BIP","A",28,"H","F",20,0.172
"BIP","G",28,"H","F",1,0.118
"BIP","G",28,"H","F",2,0.135
"BIP","G",28,"H","F",3,0.13
"BIP","G",28,"H","F",4,0.137
"BIP","G",28,"H","F",5,0.152
"BIP","G",28,"H","F",6,0.138
"BIP","G",28,"H","F",7,0.104
"BIP","G",28,"H","F",8,0.125
"BIP","G",28,"H","F",9,0.155
"BIP","G",28,"H","F",10,0.143
"BIP","G",28,"H","F",11,0.115
"BIP","G",28,"H","F",12,0.134
"BIP","G",28,"H","F",13,0.164
"BIP","G",28,"H","F",14,0.127
"BIP","G",28,"H","F",15,0.125
"BIP","G",28,"H","F",16,0.113
"BIP","G",28,"H","F",17,0.122
"BIP","G",28,"H","F",18,0.164
"BIP","G",28,"H","F",19,0.137
"BIP","G",28,"H","F",20,0.111
"BIP","L",28,"H","F",1,0.134
"BIP","L",28,"H","F",2,0.148
"BIP","L",28,"H","F",3,0.118
"BIP","L",28,"H","F",4,0.171
"BIP","L",28,"H","F",5,0.126
"BIP","L",28,"H","F",6,0.152
"BIP","L",28,"H","F",7,0.146
"BIP","L",28,"H","F",8,0.156
"BIP","L",28,"H","F",9,0.141
"BIP","L",28,"H","F",10,0.144
"BIP","L",28,"H","F",11,0.131
"BIP","L",28,"H","F",12,0.148
"BIP","L",28,"H","F",13,0.132
"BIP","L",28,"H","F",14,0.128
"BIP","L",28,"H","F",15,0.128
"BIP","L",28,"H","F",16,0.14
"BIP","L",28,"H","F",17,0.108
"BIP","L",28,"H","F",18,0.122
"BIP","L",28,"H","F",19,0.132
"BIP","L",28,"H","F",20,0.151
"BIP","C",28,"H","F",1,0.133
"BIP","C",28,"H","F",2,0.179
"BIP","C",28,"H","F",3,0.11
"BIP","C",28,"H","F",4,0.141
"BIP","C",28,"H","F",5,0.125
"BIP","C",28,"H","F",6,0.16
"BIP","C",28,"H","F",7,0.131
"BIP","C",28,"H","F",8,0.116
"BIP","C",28,"H","F",9,0.127
"BIP","C",28,"H","F",10,0.114
"BIP","C",28,"H","F",11,0.155
"BIP","C",28,"H","F",12,0.16
"BIP","C",28,"H","F",13,0.146
"BIP","C",28,"H","F",14,0.138
"BIP","C",28,"H","F",15,0.183
"BIP","C",28,"H","F",16,0.143
"BIP","C",28,"H","F",17,0.146
"BIP","C",28,"H","F",18,0.138
"BIP","C",28,"H","F",19,0.139
"BIP","C",28,"H","F",20,0.148
"BIP","D",28,"H","F",1,0.142
"BIP","D",28,"H","F",2,0.16
"BIP","D",28,"H","F",4,0.069
"BIP","D",28,"H","F",5,0.13
"BIP","D",28,"H","F",6,0.134
"BIP","D",28,"H","F",7,0.127
"BIP","D",28,"H","F",8,0.134
"BIP","D",28,"H","F",9,0.11
"BIP","D",28,"H","F",10,0.132
"BIP","D",28,"H","F",11,0.153
"BIP","D",28,"H","F",12,0.126
"BIP","D",28,"H","F",13,0.125
"BIP","D",28,"H","F",14,0.125
"BIP","D",28,"H","F",15,0.078
"BIP","D",28,"H","F",16,0.135
"BIP","D",28,"H","F",17,0.145
"BIP","D",28,"H","F",18,0.145
"BIP","D",28,"H","F",19,0.161
"BIP","D",28,"H","F",20,
"BIP","A",24,"H","F",1,0.146
"BIP","A",24,"H","F",2,0.131
"BIP","A",24,"H","F",3,0.153
"BIP","A",24,"H","F",4,0.148
"BIP","A",24,"H","F",5,0.147
"BIP","A",24,"H","F",6,0.135
"BIP","A",24,"H","F",7,0.136
"BIP","A",24,"H","F",8,0.174
"BIP","A",24,"H","F",9,0.192
"BIP","A",24,"H","F",10,0.142
"BIP","A",24,"H","F",11,0.131
"BIP","A",24,"H","F",12,0.145
"BIP","A",24,"H","F",13,0.12
"BIP","A",24,"H","F",14,0.155
"BIP","A",24,"H","F",15,0.167
"BIP","A",24,"H","F",16,0.125
"BIP","A",24,"H","F",17,0.135
"BIP","A",24,"H","F",18,0.124
"BIP","A",24,"H","F",19,0.135
"BIP","A",24,"H","F",20,0.155
"BIP","G",24,"H","F",1,0.136
"BIP","G",24,"H","F",2,0.148
"BIP","G",24,"H","F",3,0.187
"BIP","G",24,"H","F",4,0.119
"BIP","G",24,"H","F",5,0.198
"BIP","G",24,"H","F",6,0.129
"BIP","G",24,"H","F",7,0.137
"BIP","G",24,"H","F",8,0.129
"BIP","G",24,"H","F",9,0.139
"BIP","G",24,"H","F",10,0.12
"BIP","G",24,"H","F",11,0.152
"BIP","G",24,"H","F",12,0.173
"BIP","G",24,"H","F",13,0.133
"BIP","G",24,"H","F",14,0.092
"BIP","G",24,"H","F",15,0.121
"BIP","G",24,"H","F",16,0.134
"BIP","G",24,"H","F",17,0.13
"BIP","G",24,"H","F",18,0.13
"BIP","G",24,"H","F",19,0.101
"BIP","G",24,"H","F",20,0.122
"BIP","L",24,"H","F",1,0.226
"BIP","L",24,"H","F",2,0.126
"BIP","L",24,"H","F",3,0.144
"BIP","L",24,"H","F",4,0.166
"BIP","L",24,"H","F",5,0.145
"BIP","L",24,"H","F",6,0.152
"BIP","L",24,"H","F",7,0.133
"BIP","L",24,"H","F",8,0.143
"BIP","L",24,"H","F",9,0.207
"BIP","L",24,"H","F",10,0.159
"BIP","L",24,"H","F",11,0.158
"BIP","L",24,"H","F",12,0.178
"BIP","L",24,"H","F",13,0.134
"BIP","L",24,"H","F",14,0.206
"BIP","L",24,"H","F",15,0.137
"BIP","L",24,"H","F",16,0.171
"BIP","L",24,"H","F",17,0.22
"BIP","L",24,"H","F",18,0.134
"BIP","L",24,"H","F",19,0.222
"BIP","L",24,"H","F",20,0.145
"BIP","C",24,"H","F",1,0.19
"BIP","C",24,"H","F",2,0.143
"BIP","C",24,"H","F",3,0.169
"BIP","C",24,"H","F",4,0.194
"BIP","C",24,"H","F",5,0.142
"BIP","C",24,"H","F",6,0.149
"BIP","C",24,"H","F",7,0.224
"BIP","C",24,"H","F",8,0.215
"BIP","C",24,"H","F",9,0.177
"BIP","C",24,"H","F",10,0.173
"BIP","C",24,"H","F",11,0.174
"BIP","C",24,"H","F",12,0.136
"BIP","C",24,"H","F",13,0.142
"BIP","C",24,"H","F",14,0.142
"BIP","C",24,"H","F",15,0.149
"BIP","C",24,"H","F",16,0.154
"BIP","C",24,"H","F",17,0.138
"BIP","C",24,"H","F",18,0.14
"BIP","C",24,"H","F",19,0.153
"BIP","C",24,"H","F",20,0.214
"BIP","D",24,"H","F",1,0.136
"BIP","D",24,"H","F",2,0.232
"BIP","D",24,"H","F",3,0.193
"BIP","D",24,"H","F",4,0.163
"BIP","D",24,"H","F",5,0.167
"BIP","D",24,"H","F",6,0.122
"BIP","D",24,"H","F",7,0.17
"BIP","D",24,"H","F",8,0.177
"BIP","D",24,"H","F",9,0.17
"BIP","D",24,"H","F",10,0.116
"BIP","D",24,"H","F",11,0.19
"BIP","D",24,"H","F",12,0.176
"BIP","D",24,"H","F",13,0.12
"BIP","D",24,"H","F",14,0.162
"BIP","D",24,"H","F",15,0.239
"BIP","D",24,"H","F",16,0.206
"BIP","D",24,"H","F",17,
"BIP","D",24,"H","F",18,
"BIP","D",24,"H","F",19,
"BIP","D",24,"H","F",20,
"BIP","A",20,"H","F",1,0.143
"BIP","A",20,"H","F",2,0.153
"BIP","A",20,"H","F",3,0.146
"BIP","A",20,"H","F",4,0.144
"BIP","A",20,"H","F",5,0.136
"BIP","A",20,"H","F",6,0.122
"BIP","A",20,"H","F",7,0.148
"BIP","A",20,"H","F",8,0.144
"BIP","A",20,"H","F",9,0.145
"BIP","A",20,"H","F",10,0.162
"BIP","A",20,"H","F",11,0.094
"BIP","A",20,"H","F",12,0.248
"BIP","A",20,"H","F",13,0.148
"BIP","A",20,"H","F",14,0.146
"BIP","A",20,"H","F",15,0.072
"BIP","A",20,"H","F",16,0.114
"BIP","A",20,"H","F",17,0.084
"BIP","A",20,"H","F",18,0.244
"BIP","A",20,"H","F",19,0.141
"BIP","A",20,"H","F",20,0.142
"BIP","G",20,"H","F",1,0.14
"BIP","G",20,"H","F",2,0.116
"BIP","G",20,"H","F",3,0.121
"BIP","G",20,"H","F",4,0.129
"BIP","G",20,"H","F",5,0.148
"BIP","G",20,"H","F",6,0.187
"BIP","G",20,"H","F",7,0.124
"BIP","G",20,"H","F",8,0.125
"BIP","G",20,"H","F",9,0.114
"BIP","G",20,"H","F",10,0.128
"BIP","G",20,"H","F",11,0.119
"BIP","G",20,"H","F",12,0.185
"BIP","G",20,"H","F",13,0.152
"BIP","G",20,"H","F",14,0.136
"BIP","G",20,"H","F",15,0.145
"BIP","G",20,"H","F",16,0.127
"BIP","G",20,"H","F",17,0.132
"BIP","G",20,"H","F",18,0.146
"BIP","G",20,"H","F",19,0.14
"BIP","G",20,"H","F",20,0.153
"BIP","L",20,"H","F",1,0.141
"BIP","L",20,"H","F",2,0.124
"BIP","L",20,"H","F",3,0.156
"BIP","L",20,"H","F",4,0.16
"BIP","L",20,"H","F",5,0.151
"BIP","L",20,"H","F",6,0.152
"BIP","L",20,"H","F",7,0.146
"BIP","L",20,"H","F",8,0.123
"BIP","L",20,"H","F",9,0.163
"BIP","L",20,"H","F",10,0.139
"BIP","L",20,"H","F",11,0.155
"BIP","L",20,"H","F",12,0.15
"BIP","L",20,"H","F",13,0.16
"BIP","L",20,"H","F",14,0.156
"BIP","L",20,"H","F",15,0.149
"BIP","L",20,"H","F",16,0.142
"BIP","L",20,"H","F",17,0.153
"BIP","L",20,"H","F",18,0.146
"BIP","L",20,"H","F",19,0.118
"BIP","L",20,"H","F",20,0.139
"BIP","C",20,"H","F",1,0.171
"BIP","C",20,"H","F",2,0.169
"BIP","C",20,"H","F",3,0.144
"BIP","C",20,"H","F",4,0.16
"BIP","C",20,"H","F",5,0.154
"BIP","C",20,"H","F",6,0.158
"BIP","C",20,"H","F",7,0.15
"BIP","C",20,"H","F",8,0.148
"BIP","C",20,"H","F",9,0.135
"BIP","C",20,"H","F",10,0.156
"BIP","C",20,"H","F",11,0.182
"BIP","C",20,"H","F",12,0.165
"BIP","C",20,"H","F",13,0.168
"BIP","C",20,"H","F",14,0.169
"BIP","C",20,"H","F",15,0.197
"BIP","C",20,"H","F",16,0.155
"BIP","C",20,"H","F",17,0.158
"BIP","C",20,"H","F",18,0.156
"BIP","C",20,"H","F",19,0.155
"BIP","C",20,"H","F",20,0.163
"BIP","D",20,"H","F",1,0.147
"BIP","D",20,"H","F",2,0.151
"BIP","D",20,"H","F",3,0.139
"BIP","D",20,"H","F",4,0.156
"BIP","D",20,"H","F",5,0.181
"BIP","D",20,"H","F",6,0.135
"BIP","D",20,"H","F",7,0.135
"BIP","D",20,"H","F",8,0.153
"BIP","D",20,"H","F",9,0.141
"BIP","D",20,"H","F",10,0.129
"BIP","D",20,"H","F",11,0.139
"BIP","D",20,"H","F",12,0.155
"BIP","D",20,"H","F",13,0.118
"BIP","D",20,"H","F",14,0.15
"BIP","D",20,"H","F",15,0.153
"BIP","D",20,"H","F",16,0.145
"BIP","D",20,"H","F",17,0.145
"BIP","D",20,"H","F",18,0.143
"BIP","D",20,"H","F",19,0.169
"BIP","D",20,"H","F",20,0.143
"BIP","M",28,"H","F",1,0.145
"BIP","M",28,"H","F",2,0.101
"BIP","M",28,"H","F",3,0.121
"BIP","M",28,"H","F",4,0.118
"BIP","M",28,"H","F",5,0.147
"BIP","M",28,"H","F",6,0.169
"BIP","M",28,"H","F",7,0.155
"BIP","M",28,"H","F",8,0.132
"BIP","M",28,"H","F",9,0.16
"BIP","M",28,"H","F",10,0.14
"BIP","M",28,"H","F",11,0.123
"BIP","M",28,"H","F",12,0.143
"BIP","M",28,"H","F",13,0.154
"BIP","M",28,"H","F",14,0.122
"BIP","M",28,"H","F",15,0.113
"BIP","M",28,"H","F",16,0.142
"BIP","M",28,"H","F",17,0.136
"BIP","M",28,"H","F",18,0.151
"BIP","M",28,"H","F",19,0.152
"BIP","M",28,"H","F",20,0.127
"BIP","M",24,"H","F",1,0.112
"BIP","M",24,"H","F",2,0.14
"BIP","M",24,"H","F",3,0.115
"BIP","M",24,"H","F",4,0.112
"BIP","M",24,"H","F",5,0.105
"BIP","M",24,"H","F",6,0.146
"BIP","M",24,"H","F",7,0.159
"BIP","M",24,"H","F",8,0.139
"BIP","M",24,"H","F",9,0.165
"BIP","M",24,"H","F",10,0.141
"BIP","M",24,"H","F",11,0.112
"BIP","M",24,"H","F",12,0.151
"BIP","M",24,"H","F",13,0.189
"BIP","M",24,"H","F",14,0.19
"BIP","M",24,"H","F",15,0.14
"BIP","M",24,"H","F",16,0.156
"BIP","M",24,"H","F",17,0.13
"BIP","M",24,"H","F",18,0.124
"BIP","M",24,"H","F",19,0.133
"BIP","M",24,"H","F",20,0.099
"BIP","M",20,"H","F",1,0.148
"BIP","M",20,"H","F",2,0.115
"BIP","M",20,"H","F",3,0.144
"BIP","M",20,"H","F",4,0.137
"BIP","M",20,"H","F",5,0.128
"BIP","M",20,"H","F",6,0.142
"BIP","M",20,"H","F",7,0.136
"BIP","M",20,"H","F",8,0.115
"BIP","M",20,"H","F",9,0.145
"BIP","M",20,"H","F",10,0.111
"BIP","M",20,"H","F",11,0.15
"BIP","M",20,"H","F",12,0.154
"BIP","M",20,"H","F",13,0.134
"BIP","M",20,"H","F",14,0.114
"BIP","M",20,"H","F",15,0.135
"BIP","M",20,"H","F",16,0.128
"BIP","M",20,"H","F",17,0.13
"BIP","M",20,"H","F",18,0.153
"BIP","M",20,"H","F",19,0.148
"BIP","M",20,"H","F",20,0.172
"BIR","A",28,"H","F",1,0.103
"BIR","A",28,"H","F",2,0.146
"BIR","A",28,"H","F",3,0.138
"BIR","A",28,"H","F",4,0.108
"BIR","A",28,"H","F",5,0.132
"BIR","A",28,"H","F",6,0.094
"BIR","A",28,"H","F",7,0.109
"BIR","A",28,"H","F",8,0.104
"BIR","A",28,"H","F",9,0.118
"BIR","A",28,"H","F",10,0.101
"BIR","A",28,"H","F",11,0.138
"BIR","A",28,"H","F",12,0.144
"BIR","A",28,"H","F",13,0.135
"BIR","A",28,"H","F",14,0.125
"BIR","A",28,"H","F",15,0.148
"BIR","A",28,"H","F",16,0.112
"BIR","A",28,"H","F",17,0.148
"BIR","A",28,"H","F",18,0.119
"BIR","A",28,"H","F",19,0.117
"BIR","A",28,"H","F",20,0.144
"BIR","G",28,"H","F",1,0.103
"BIR","G",28,"H","F",2,0.116
"BIR","G",28,"H","F",3,0.13
"BIR","G",28,"H","F",4,0.133
"BIR","G",28,"H","F",5,0.14
"BIR","G",28,"H","F",6,0.087
"BIR","G",28,"H","F",7,0.138
"BIR","G",28,"H","F",8,0.112
"BIR","G",28,"H","F",9,0.131
"BIR","G",28,"H","F",10,0.123
"BIR","G",28,"H","F",11,0.13
"BIR","G",28,"H","F",12,0.187
"BIR","G",28,"H","F",13,0.119
"BIR","G",28,"H","F",14,0.148
"BIR","G",28,"H","F",15,0.122
"BIR","G",28,"H","F",16,
"BIR","G",28,"H","F",17,
"BIR","G",28,"H","F",18,
"BIR","G",28,"H","F",19,
"BIR","G",28,"H","F",20,
"BIR","L",28,"H","F",1,0.122
"BIR","L",28,"H","F",2,0.117
"BIR","L",28,"H","F",3,0.123
"BIR","L",28,"H","F",4,0.128
"BIR","L",28,"H","F",5,0.101
"BIR","L",28,"H","F",6,0.121
"BIR","L",28,"H","F",7,0.126
"BIR","L",28,"H","F",8,0.108
"BIR","L",28,"H","F",9,0.112
"BIR","L",28,"H","F",10,0.121
"BIR","L",28,"H","F",11,0.118
"BIR","L",28,"H","F",12,0.106
"BIR","L",28,"H","F",13,0.109
"BIR","L",28,"H","F",14,0.133
"BIR","L",28,"H","F",15,0.139
"BIR","L",28,"H","F",16,0.121
"BIR","L",28,"H","F",17,0.122
"BIR","L",28,"H","F",18,0.121
"BIR","L",28,"H","F",19,0.109
"BIR","L",28,"H","F",20,0.103
"BIR","C",28,"H","F",1,0.152
"BIR","C",28,"H","F",2,0.137
"BIR","C",28,"H","F",3,0.133
"BIR","C",28,"H","F",4,0.122
"BIR","C",28,"H","F",5,0.121
"BIR","C",28,"H","F",6,0.119
"BIR","C",28,"H","F",7,0.118
"BIR","C",28,"H","F",8,0.15
"BIR","C",28,"H","F",9,0.136
"BIR","C",28,"H","F",10,0.124
"BIR","C",28,"H","F",11,0.124
"BIR","C",28,"H","F",12,0.121
"BIR","C",28,"H","F",13,0.127
"BIR","C",28,"H","F",14,0.137
"BIR","C",28,"H","F",15,0.146
"BIR","C",28,"H","F",16,0.122
"BIR","C",28,"H","F",17,0.118
"BIR","C",28,"H","F",18,0.128
"BIR","C",28,"H","F",19,0.13
"BIR","C",28,"H","F",20,0.138
"BIR","D",28,"H","F",1,0.139
"BIR","D",28,"H","F",2,0.094
"BIR","D",28,"H","F",3,0.111
"BIR","D",28,"H","F",5,0.12
"BIR","D",28,"H","F",6,0.137
"BIR","D",28,"H","F",7,0.152
"BIR","D",28,"H","F",8,0.15
"BIR","D",28,"H","F",9,
"BIR","D",28,"H","F",10,
"BIR","D",28,"H","F",11,
"BIR","D",28,"H","F",12,
"BIR","D",28,"H","F",13,
"BIR","D",28,"H","F",14,
"BIR","D",28,"H","F",15,
"BIR","D",28,"H","F",16,
"BIR","D",28,"H","F",17,
"BIR","D",28,"H","F",18,
"BIR","D",28,"H","F",19,
"BIR","D",28,"H","F",20,
"BIR","A",24,"H","F",1,0.141
"BIR","A",24,"H","F",2,0.112
"BIR","A",24,"H","F",3,0.139
"BIR","A",24,"H","F",4,0.168
"BIR","A",24,"H","F",5,0.13
"BIR","A",24,"H","F",6,0.154
"BIR","A",24,"H","F",7,0.129
"BIR","A",24,"H","F",8,0.197
"BIR","A",24,"H","F",9,0.174
"BIR","A",24,"H","F",10,0.185
"BIR","A",24,"H","F",11,0.144
"BIR","A",24,"H","F",12,0.144
"BIR","A",24,"H","F",13,0.135
"BIR","A",24,"H","F",14,0.137
"BIR","A",24,"H","F",15,0.134
"BIR","A",24,"H","F",16,0.146
"BIR","A",24,"H","F",17,0.13
"BIR","A",24,"H","F",18,0.163
"BIR","A",24,"H","F",19,0.112
"BIR","A",24,"H","F",20,
"BIR","G",24,"H","F",1,0.132
"BIR","G",24,"H","F",2,0.14
"BIR","G",24,"H","F",3,0.153
"BIR","G",24,"H","F",4,0.177
"BIR","G",24,"H","F",5,0.227
"BIR","G",24,"H","F",6,0.199
"BIR","G",24,"H","F",7,0.151
"BIR","G",24,"H","F",8,0.156
"BIR","G",24,"H","F",9,0.146
"BIR","G",24,"H","F",10,0.144
"BIR","G",24,"H","F",11,0.164
"BIR","G",24,"H","F",12,0.173
"BIR","G",24,"H","F",13,0.148
"BIR","G",24,"H","F",14,0.179
"BIR","G",24,"H","F",15,0.164
"BIR","G",24,"H","F",16,0.146
"BIR","G",24,"H","F",17,0.149
"BIR","G",24,"H","F",18,0.174
"BIR","G",24,"H","F",19,0.134
"BIR","G",24,"H","F",20,0.153
"BIR","L",24,"H","F",1,0.161
"BIR","L",24,"H","F",2,0.145
"BIR","L",24,"H","F",3,0.158
"BIR","L",24,"H","F",4,0.171
"BIR","L",24,"H","F",5,0.153
"BIR","L",24,"H","F",6,0.157
"BIR","L",24,"H","F",7,0.235
"BIR","L",24,"H","F",8,0.167
"BIR","L",24,"H","F",9,0.148
"BIR","L",24,"H","F",10,0.161
"BIR","L",24,"H","F",11,0.144
"BIR","L",24,"H","F",12,0.154
"BIR","L",24,"H","F",13,0.152
"BIR","L",24,"H","F",14,0.143
"BIR","L",24,"H","F",15,0.172
"BIR","L",24,"H","F",16,0.158
"BIR","L",24,"H","F",17,0.171
"BIR","L",24,"H","F",18,0.128
"BIR","L",24,"H","F",19,0.17
"BIR","L",24,"H","F",20,0.171
"BIR","C",24,"H","F",1,0.203
"BIR","C",24,"H","F",2,0.188
"BIR","C",24,"H","F",3,0.17
"BIR","C",24,"H","F",4,0.169
"BIR","C",24,"H","F",5,0.18
"BIR","C",24,"H","F",6,0.198
"BIR","C",24,"H","F",7,0.167
"BIR","C",24,"H","F",8,0.167
"BIR","C",24,"H","F",9,0.183
"BIR","C",24,"H","F",10,0.238
"BIR","C",24,"H","F",11,0.168
"BIR","C",24,"H","F",12,0.203
"BIR","C",24,"H","F",13,0.169
"BIR","C",24,"H","F",14,0.157
"BIR","C",24,"H","F",15,0.21
"BIR","C",24,"H","F",16,0.171
"BIR","C",24,"H","F",17,0.154
"BIR","C",24,"H","F",18,0.154
"BIR","C",24,"H","F",19,0.193
"BIR","C",24,"H","F",20,0.212
"BIR","D",24,"H","F",1,0.207
"BIR","D",24,"H","F",2,0.182
"BIR","D",24,"H","F",3,0.157
"BIR","D",24,"H","F",4,0.156
"BIR","D",24,"H","F",5,0.164
"BIR","D",24,"H","F",6,0.183
"BIR","D",24,"H","F",7,0.134
"BIR","D",24,"H","F",8,0.18
"BIR","D",24,"H","F",9,0.171
"BIR","D",24,"H","F",10,0.154
"BIR","D",24,"H","F",11,0.189
"BIR","D",24,"H","F",12,0.181
"BIR","D",24,"H","F",13,0.175
"BIR","D",24,"H","F",14,0.163
"BIR","D",24,"H","F",15,0.166
"BIR","D",24,"H","F",16,0.212
"BIR","D",24,"H","F",17,0.18
"BIR","D",24,"H","F",18,0.205
"BIR","D",24,"H","F",19,0.163
"BIR","D",24,"H","F",20,0.186
"BIR","A",20,"H","F",1,0.149
"BIR","A",20,"H","F",2,0.203
"BIR","A",20,"H","F",3,0.149
"BIR","A",20,"H","F",4,0.15
"BIR","A",20,"H","F",5,0.158
"BIR","G",20,"H","F",1,0.156
"BIR","G",20,"H","F",2,0.197
"BIR","G",20,"H","F",3,0.129
"BIR","G",20,"H","F",4,0.135
"BIR","G",20,"H","F",5,0.165
"BIR","G",20,"H","F",6,0.144
"BIR","G",20,"H","F",7,0.151
"BIR","G",20,"H","F",11,
"BIR","G",20,"H","F",12,
"BIR","G",20,"H","F",13,
"BIR","G",20,"H","F",14,
"BIR","G",20,"H","F",15,
"BIR","G",20,"H","F",16,
"BIR","G",20,"H","F",17,
"BIR","G",20,"H","F",18,
"BIR","G",20,"H","F",19,
"BIR","G",20,"H","F",20,
"BIR","L",20,"H","F",1,0.141
"BIR","L",20,"H","F",2,0.156
"BIR","L",20,"H","F",3,0.147
"BIR","L",20,"H","F",4,0.149
"BIR","L",20,"H","F",5,0.064
"BIR","L",20,"H","F",6,0.135
"BIR","L",20,"H","F",7,0.156
"BIR","L",20,"H","F",8,0.161
"BIR","L",20,"H","F",9,0.152
"BIR","L",20,"H","F",10,0.19
"BIR","L",20,"H","F",11,0.167
"BIR","L",20,"H","F",12,0.134
"BIR","L",20,"H","F",13,0.155
"BIR","L",20,"H","F",14,0.145
"BIR","L",20,"H","F",15,0.1
"BIR","L",20,"H","F",16,0.185
"BIR","L",20,"H","F",17,0.144
"BIR","L",20,"H","F",18,0.174
"BIR","L",20,"H","F",19,
"BIR","L",20,"H","F",20,
"BIR","C",20,"H","F",1,0.156
"BIR","C",20,"H","F",2,0.222
"BIR","C",20,"H","F",3,0.183
"BIR","C",20,"H","F",4,0.18
"BIR","C",20,"H","F",5,0.148
"BIR","C",20,"H","F",6,0.168
"BIR","C",20,"H","F",7,0.154
"BIR","C",20,"H","F",8,0.161
"BIR","C",20,"H","F",9,0.177
"BIR","C",20,"H","F",10,0.2
"BIR","C",20,"H","F",11,0.168
"BIR","C",20,"H","F",12,0.151
"BIR","C",20,"H","F",13,0.181
"BIR","C",20,"H","F",14,0.191
"BIR","C",20,"H","F",15,0.19
"BIR","C",20,"H","F",16,0.149
"BIR","C",20,"H","F",17,0.186
"BIR","C",20,"H","F",18,0.165
"BIR","C",20,"H","F",19,0.169
"BIR","C",20,"H","F",20,0.176
"BIR","D",20,"H","F",1,0.17
"BIR","D",20,"H","F",2,0.173
"BIR","D",20,"H","F",3,0.226
"BIR","D",20,"H","F",4,0.178
"BIR","D",20,"H","F",5,0.2
"BIR","D",20,"H","F",6,0.152
"BIR","D",20,"H","F",7,0.142
"BIR","D",20,"H","F",8,0.194
"BIR","D",20,"H","F",9,0.168
"BIR","D",20,"H","F",10,0.145
"BIR","D",20,"H","F",11,0.144
"BIR","D",20,"H","F",12,0.174
"BIR","D",20,"H","F",13,0.18
"BIR","D",20,"H","F",14,0.178
"BIR","D",20,"H","F",15,0.198
"BIR","D",20,"H","F",16,0.161
"BIR","D",20,"H","F",17,0.13
"BIR","D",20,"H","F",18,0.174
"BIR","D",20,"H","F",19,0.152
"BIR","D",20,"H","F",20,0.152
"BIR","M",28,"H","F",1,0.122
"BIR","M",28,"H","F",2,0.133
"BIR","M",28,"H","F",3,0.119
"BIR","M",28,"H","F",4,0.159
"BIR","M",28,"H","F",5,0.126
"BIR","M",28,"H","F",6,0.139
"BIR","M",28,"H","F",7,0.104
"BIR","M",28,"H","F",8,0.12
"BIR","M",28,"H","F",9,0.128
"BIR","M",28,"H","F",10,0.144
"BIR","M",28,"H","F",11,0.115
"BIR","M",28,"H","F",12,0.118
"BIR","M",28,"H","F",13,0.128
"BIR","M",28,"H","F",14,0.117
"BIR","M",28,"H","F",15,0.137
"BIR","M",28,"H","F",16,0.102
"BIR","M",28,"H","F",17,0.136
"BIR","M",28,"H","F",18,
"BIR","M",28,"H","F",19,
"BIR","M",28,"H","F",20,
"BIR","M",24,"H","F",1,0.165
"BIR","M",24,"H","F",2,0.159
"BIR","M",24,"H","F",3,0.132
"BIR","M",24,"H","F",4,0.136
"BIR","M",24,"H","F",5,0.184
"BIR","M",24,"H","F",6,0.15
"BIR","M",24,"H","F",7,0.145
"BIR","M",24,"H","F",8,0.145
"BIR","M",24,"H","F",9,0.182
"BIR","M",24,"H","F",10,0.129
"BIR","M",24,"H","F",11,0.149
"BIR","M",24,"H","F",12,0.129
"BIR","M",24,"H","F",13,0.152
"BIR","M",24,"H","F",14,0.145
"BIR","M",24,"H","F",15,0.174
"BIR","M",24,"H","F",16,0.15
"BIR","M",24,"H","F",17,0.147
"BIR","M",24,"H","F",18,0.177
"BIR","M",24,"H","F",19,0.154
"BIR","M",24,"H","F",20,0.164
"BIR","M",20,"H","F",1,0.161
"BIR","M",20,"H","F",2,0.152
"BIR","M",20,"H","F",3,0.146
"BIR","M",20,"H","F",4,0.143
"BIR","M",20,"H","F",5,0.142
"BIR","M",20,"H","F",6,0.154
"BIR","M",20,"H","F",7,0.148
"BIR","M",20,"H","F",8,0.148
"BIR","M",20,"H","F",9,0.202
"BIR","M",20,"H","F",10,0.173
"BIR","M",20,"H","F",11,0.167
"BIR","M",20,"H","F",12,0.14
"BIR","M",20,"H","F",13,0.167
"BIR","M",20,"H","F",14,0.14
"BIR","M",20,"H","F",15,
"BIR","M",20,"H","F",16,
"BIR","M",20,"H","F",17,
"BIR","M",20,"H","F",18,
"BIR","M",20,"H","F",19,
"BIR","M",20,"H","F",20,
"PAL","A",28,"H","F",1,0.252
"PAL","A",28,"H","F",2,0.287
"PAL","A",28,"H","F",3,0.206
"PAL","A",28,"H","F",4,0.275
"PAL","A",28,"H","F",5,0.291
"PAL","A",28,"H","F",6,0.321
"PAL","A",28,"H","F",7,0.245
"PAL","A",28,"H","F",8,0.221
"PAL","A",28,"H","F",9,0.276
"PAL","A",28,"H","F",10,0.258
"PAL","A",28,"H","F",11,0.349
"PAL","A",28,"H","F",12,0.234
"PAL","A",28,"H","F",13,0.294
"PAL","A",28,"H","F",14,0.268
"PAL","A",28,"H","F",15,0.297
"PAL","A",28,"H","F",16,0.278
"PAL","A",28,"H","F",17,0.33
"PAL","A",28,"H","F",18,
"PAL","A",28,"H","F",19,
"PAL","A",28,"H","F",20,
"PAL","G",28,"H","F",1,0.274
"PAL","G",28,"H","F",2,0.328
"PAL","G",28,"H","F",3,0.306
"PAL","G",28,"H","F",4,0.287
"PAL","G",28,"H","F",5,0.33
"PAL","G",28,"H","F",6,0.302
"PAL","G",28,"H","F",7,0.29
"PAL","G",28,"H","F",8,0.309
"PAL","G",28,"H","F",9,0.277
"PAL","G",28,"H","F",10,0.309
"PAL","G",28,"H","F",11,0.272
"PAL","G",28,"H","F",12,0.246
"PAL","G",28,"H","F",13,0.251
"PAL","G",28,"H","F",14,0.283
"PAL","G",28,"H","F",15,0.28
"PAL","G",28,"H","F",16,0.26
"PAL","G",28,"H","F",17,0.148
"PAL","G",28,"H","F",18,0.184
"PAL","G",28,"H","F",19,
"PAL","G",28,"H","F",20,
"PAL","L",28,"H","F",1,0.299
"PAL","L",28,"H","F",2,0.295
"PAL","L",28,"H","F",3,0.267
"PAL","L",28,"H","F",4,0.289
"PAL","L",28,"H","F",5,0.259
"PAL","L",28,"H","F",6,0.283
"PAL","L",28,"H","F",7,0.308
"PAL","L",28,"H","F",8,0.301
"PAL","L",28,"H","F",9,0.333
"PAL","L",28,"H","F",10,0.314
"PAL","L",28,"H","F",11,0.3
"PAL","L",28,"H","F",12,0.297
"PAL","L",28,"H","F",13,0.295
"PAL","L",28,"H","F",14,0.315
"PAL","L",28,"H","F",15,0.3
"PAL","L",28,"H","F",16,0.286
"PAL","L",28,"H","F",17,0.257
"PAL","L",28,"H","F",18,0.291
"PAL","L",28,"H","F",19,0.329
"PAL","L",28,"H","F",20,
"PAL","C",28,"H","F",1,0.292
"PAL","C",28,"H","F",2,0.328
"PAL","C",28,"H","F",3,0.25
"PAL","C",28,"H","F",4,0.327
"PAL","C",28,"H","F",5,0.315
"PAL","C",28,"H","F",6,0.309
"PAL","C",28,"H","F",7,0.319
"PAL","C",28,"H","F",8,0.284
"PAL","C",28,"H","F",9,0.288
"PAL","C",28,"H","F",10,0.294
"PAL","C",28,"H","F",11,0.319
"PAL","C",28,"H","F",12,0.295
"PAL","C",28,"H","F",13,0.31
"PAL","C",28,"H","F",14,0.286
"PAL","C",28,"H","F",15,0.297
"PAL","C",28,"H","F",16,0.335
"PAL","C",28,"H","F",17,0.331
"PAL","C",28,"H","F",18,0.283
"PAL","C",28,"H","F",19,0.297
"PAL","C",28,"H","F",20,0.296
"PAL","D",28,"H","F",1,0.4
"PAL","D",28,"H","F",2,0.327
"PAL","D",28,"H","F",3,0.423
"PAL","D",28,"H","F",4,
"PAL","D",28,"H","F",5,
"PAL","D",28,"H","F",6,
"PAL","D",28,"H","F",7,
"PAL","D",28,"H","F",8,
"PAL","D",28,"H","F",9,
"PAL","D",28,"H","F",10,
"PAL","D",28,"H","F",11,
"PAL","D",28,"H","F",12,
"PAL","D",28,"H","F",13,
"PAL","D",28,"H","F",14,
"PAL","D",28,"H","F",15,
"PAL","D",28,"H","F",16,
"PAL","D",28,"H","F",17,
"PAL","D",28,"H","F",18,
"PAL","D",28,"H","F",19,
"PAL","D",28,"H","F",20,
"PAL","A",24,"H","F",1,0.269
"PAL","A",24,"H","F",2,0.501
"PAL","A",24,"H","F",3,0.49
"PAL","A",24,"H","F",4,0.385
"PAL","A",24,"H","F",5,0.327
"PAL","A",24,"H","F",6,0.376
"PAL","A",24,"H","F",7,0.25
"PAL","A",24,"H","F",8,0.487
"PAL","A",24,"H","F",9,0.282
"PAL","A",24,"H","F",10,0.343
"PAL","A",24,"H","F",11,0.508
"PAL","A",24,"H","F",12,0.556
"PAL","A",24,"H","F",13,0.393
"PAL","A",24,"H","F",14,0.552
"PAL","A",24,"H","F",15,0.554
"PAL","A",24,"H","F",16,0.555
"PAL","A",24,"H","F",17,0.361
"PAL","A",24,"H","F",18,0.52
"PAL","A",24,"H","F",19,0.348
"PAL","A",24,"H","F",20,
"PAL","G",24,"H","F",1,0.323
"PAL","G",24,"H","F",2,0.449
"PAL","G",24,"H","F",3,0.365
"PAL","G",24,"H","F",4,0.299
"PAL","G",24,"H","F",5,0.357
"PAL","G",24,"H","F",6,0.59
"PAL","G",24,"H","F",7,0.4
"PAL","G",24,"H","F",8,0.493
"PAL","G",24,"H","F",9,0.41
"PAL","G",24,"H","F",10,0.317
"PAL","G",24,"H","F",11,0.35
"PAL","G",24,"H","F",12,0.312
"PAL","G",24,"H","F",13,0.332
"PAL","G",24,"H","F",14,0.4
"PAL","G",24,"H","F",15,0.382
"PAL","G",24,"H","F",16,0.333
"PAL","G",24,"H","F",17,0.325
"PAL","G",24,"H","F",18,0.366
"PAL","G",24,"H","F",19,0.342
"PAL","G",24,"H","F",20,0.322
"PAL","L",24,"H","F",1,0.326
"PAL","L",24,"H","F",2,0.388
"PAL","L",24,"H","F",3,0.356
"PAL","L",24,"H","F",4,0.411
"PAL","L",24,"H","F",5,0.463
"PAL","L",24,"H","F",6,0.421
"PAL","L",24,"H","F",7,0.472
"PAL","L",24,"H","F",8,0.352
"PAL","L",24,"H","F",9,0.407
"PAL","L",24,"H","F",10,0.552
"PAL","L",24,"H","F",11,0.412
"PAL","L",24,"H","F",12,0.344
"PAL","L",24,"H","F",13,0.342
"PAL","L",24,"H","F",14,0.337
"PAL","L",24,"H","F",15,0.538
"PAL","L",24,"H","F",16,0.538
"PAL","L",24,"H","F",17,0.417
"PAL","L",24,"H","F",18,0.315
"PAL","L",24,"H","F",19,0.341
"PAL","L",24,"H","F",20,0.42
"PAL","C",24,"H","F",1,0.459
"PAL","C",24,"H","F",2,0.492
"PAL","C",24,"H","F",3,0.492
"PAL","C",24,"H","F",4,0.386
"PAL","C",24,"H","F",5,0.413
"PAL","C",24,"H","F",6,0.35
"PAL","C",24,"H","F",7,0.483
"PAL","C",24,"H","F",8,0.411
"PAL","C",24,"H","F",9,0.4
"PAL","C",24,"H","F",10,0.361
"PAL","C",24,"H","F",11,0.522
"PAL","C",24,"H","F",12,0.41
"PAL","C",24,"H","F",13,0.392
"PAL","C",24,"H","F",14,0.45
"PAL","C",24,"H","F",15,0.496
"PAL","C",24,"H","F",16,0.457
"PAL","C",24,"H","F",17,0.354
"PAL","C",24,"H","F",18,0.392
"PAL","C",24,"H","F",19,0.361
"PAL","C",24,"H","F",20,0.344
"PAL","D",24,"H","F",1,0.406
"PAL","D",24,"H","F",2,0.412
"PAL","D",24,"H","F",3,0.403
"PAL","D",24,"H","F",4,0.385
"PAL","D",24,"H","F",5,0.411
"PAL","D",24,"H","F",6,0.365
"PAL","D",24,"H","F",7,0.38
"PAL","D",24,"H","F",8,0.413
"PAL","D",24,"H","F",9,0.386
"PAL","D",24,"H","F",10,0.392
"PAL","D",24,"H","F",11,0.41
"PAL","D",24,"H","F",12,0.349
"PAL","D",24,"H","F",13,0.412
"PAL","D",24,"H","F",14,0.427
"PAL","D",24,"H","F",15,0.376
"PAL","D",24,"H","F",16,0.398
"PAL","D",24,"H","F",17,0.44
"PAL","D",24,"H","F",18,0.436
"PAL","D",24,"H","F",19,0.362
"PAL","D",24,"H","F",20,0.394
"PAL","A",20,"H","F",1,0.417
"PAL","A",20,"H","F",2,0.345
"PAL","A",20,"H","F",3,0.37
"PAL","A",20,"H","F",4,0.487
"PAL","A",20,"H","F",5,0.524
"PAL","A",20,"H","F",6,0.499
"PAL","A",20,"H","F",7,0.387
"PAL","A",20,"H","F",8,0.367
"PAL","A",20,"H","F",9,0.359
"PAL","A",20,"H","F",10,0.5
"PAL","A",20,"H","F",11,0.415
"PAL","A",20,"H","F",12,0.448
"PAL","A",20,"H","F",13,0.391
"PAL","A",20,"H","F",14,0.471
"PAL","A",20,"H","F",15,0.39
"PAL","A",20,"H","F",16,0.438
"PAL","A",20,"H","F",17,0.421
"PAL","A",20,"H","F",18,0.35
"PAL","A",20,"H","F",19,0.306
"PAL","A",20,"H","F",20,0.407
"PAL","G",20,"H","F",1,0.36
"PAL","G",20,"H","F",2,0.378
"PAL","G",20,"H","F",3,0.422
"PAL","G",20,"H","F",4,0.329
"PAL","G",20,"H","F",5,0.476
"PAL","G",20,"H","F",6,0.276
"PAL","G",20,"H","F",7,0.374
"PAL","G",20,"H","F",8,0.347
"PAL","G",20,"H","F",9,0.339
"PAL","G",20,"H","F",10,0.456
"PAL","G",20,"H","F",11,0.344
"PAL","G",20,"H","F",12,0.297
"PAL","G",20,"H","F",13,0.438
"PAL","G",20,"H","F",14,0.38
"PAL","G",20,"H","F",15,0.46
"PAL","G",20,"H","F",16,0.395
"PAL","G",20,"H","F",17,0.47
"PAL","G",20,"H","F",18,0.383
"PAL","G",20,"H","F",19,0.399
"PAL","G",20,"H","F",20,0.447
"PAL","L",20,"H","F",1,0.348
"PAL","L",20,"H","F",2,0.368
"PAL","L",20,"H","F",3,0.314
"PAL","L",20,"H","F",4,0.37
"PAL","L",20,"H","F",5,0.438
"PAL","L",20,"H","F",6,0.489
"PAL","L",20,"H","F",7,0.368
"PAL","L",20,"H","F",8,0.45
"PAL","L",20,"H","F",9,0.362
"PAL","L",20,"H","F",10,0.323
"PAL","L",20,"H","F",11,0.395
"PAL","L",20,"H","F",12,0.469
"PAL","L",20,"H","F",13,0.293
"PAL","L",20,"H","F",14,0.303
"PAL","L",20,"H","F",15,0.386
"PAL","L",20,"H","F",16,0.354
"PAL","L",20,"H","F",17,
"PAL","L",20,"H","F",18,
"PAL","L",20,"H","F",19,
"PAL","L",20,"H","F",20,
"PAL","C",20,"H","F",1,0.369
"PAL","C",20,"H","F",2,0.423
"PAL","C",20,"H","F",3,0.407
"PAL","C",20,"H","F",4,0.454
"PAL","C",20,"H","F",5,0.422
"PAL","C",20,"H","F",6,0.433
"PAL","C",20,"H","F",7,0.54
"PAL","C",20,"H","F",8,0.433
"PAL","C",20,"H","F",9,0.443
"PAL","C",20,"H","F",10,0.396
"PAL","C",20,"H","F",11,0.454
"PAL","C",20,"H","F",12,0.367
"PAL","C",20,"H","F",13,0.412
"PAL","C",20,"H","F",14,0.492
"PAL","C",20,"H","F",15,0.483
"PAL","C",20,"H","F",16,0.505
"PAL","C",20,"H","F",17,0.39
"PAL","C",20,"H","F",18,0.44
"PAL","C",20,"H","F",19,0.448
"PAL","C",20,"H","F",20,0.413
"PAL","D",20,"H","F",1,0.559
"PAL","D",20,"H","F",2,0.431
"PAL","D",20,"H","F",3,0.431
"PAL","D",20,"H","F",4,0.417
"PAL","D",20,"H","F",5,0.519
"PAL","D",20,"H","F",6,0.477
"PAL","D",20,"H","F",7,0.599
"PAL","D",20,"H","F",8,0.432
"PAL","D",20,"H","F",9,0.56
"PAL","D",20,"H","F",10,0.457
"PAL","D",20,"H","F",11,0.4
"PAL","D",20,"H","F",12,0.512
"PAL","D",20,"H","F",13,0.527
"PAL","D",20,"H","F",14,0.542
"PAL","D",20,"H","F",15,0.526
"PAL","D",20,"H","F",16,0.509
"PAL","D",20,"H","F",17,0.433
"PAL","D",20,"H","F",18,0.405
"PAL","D",20,"H","F",19,0.436
"PAL","D",20,"H","F",20,0.413
"PAL","M",28,"H","F",1,0.29
"PAL","M",28,"H","F",2,0.234
"PAL","M",28,"H","F",3,0.246
"PAL","M",28,"H","F",4,0.305
"PAL","M",28,"H","F",5,0.292
"PAL","M",28,"H","F",6,0.27
"PAL","M",28,"H","F",7,
"PAL","M",28,"H","F",8,
"PAL","M",28,"H","F",9,
"PAL","M",28,"H","F",10,
"PAL","M",28,"H","F",11,
"PAL","M",28,"H","F",12,
"PAL","M",28,"H","F",13,
"PAL","M",28,"H","F",14,
"PAL","M",28,"H","F",15,
"PAL","M",28,"H","F",16,
"PAL","M",28,"H","F",17,
"PAL","M",28,"H","F",18,
"PAL","M",28,"H","F",19,
"PAL","M",28,"H","F",20,
"PAL","M",24,"H","F",1,0.346
"PAL","M",24,"H","F",2,0.352
"PAL","M",24,"H","F",3,0.558
"PAL","M",24,"H","F",4,0.326
"PAL","M",24,"H","F",5,0.433
"PAL","M",24,"H","F",6,0.278
"PAL","M",24,"H","F",7,0.375
"PAL","M",24,"H","F",8,0.274
"PAL","M",24,"H","F",9,0.343
"PAL","M",24,"H","F",10,0.351
"PAL","M",24,"H","F",11,0.334
"PAL","M",24,"H","F",12,0.362
"PAL","M",24,"H","F",13,0.351
"PAL","M",24,"H","F",14,0.288
"PAL","M",24,"H","F",15,0.516
"PAL","M",24,"H","F",16,0.43
"PAL","M",24,"H","F",17,
"PAL","M",24,"H","F",18,
"PAL","M",24,"H","F",19,
"PAL","M",24,"H","F",20,
"PAL","M",20,"H","F",1,0.414
"PAL","M",20,"H","F",2,0.443
"PAL","M",20,"H","F",3,0.441
"PAL","M",20,"H","F",4,0.301
"PAL","M",20,"H","F",5,0.487
"PAL","M",20,"H","F",6,0.401
"PAL","M",20,"H","F",7,0.552
"PAL","M",20,"H","F",8,0.361
"PAL","M",20,"H","F",9,0.304
"PAL","M",20,"H","F",10,0.305
"PAL","M",20,"H","F",11,0.449
"PAL","M",20,"H","F",12,0.49
"PAL","M",20,"H","F",13,0.363
"PAL","M",20,"H","F",14,
"PAL","M",20,"H","F",15,
"PAL","M",20,"H","F",16,
"PAL","M",20,"H","F",17,
"PAL","M",20,"H","F",18,
"PAL","M",20,"H","F",19,
"PAL","M",20,"H","F",20,
"PSA","A",28,"H","F",1,0.159
"PSA","A",28,"H","F",2,0.131
"PSA","A",28,"H","F",3,0.142
"PSA","A",28,"H","F",4,0.145
"PSA","A",28,"H","F",5,0.154
"PSA","A",28,"H","F",6,0.142
"PSA","A",28,"H","F",7,0.16
"PSA","A",28,"H","F",8,0.158
"PSA","A",28,"H","F",9,0.14
"PSA","A",28,"H","F",10,0.149
"PSA","A",28,"H","F",11,0.145
"PSA","A",28,"H","F",12,0.135
"PSA","A",28,"H","F",13,0.141
"PSA","A",28,"H","F",14,0.145
"PSA","A",28,"H","F",15,0.145
"PSA","A",28,"H","F",16,0.121
"PSA","A",28,"H","F",17,0.157
"PSA","A",28,"H","F",18,0.223
"PSA","A",28,"H","F",19,0.149
"PSA","A",28,"H","F",20,0.127
"PSA","G",28,"H","F",1,0.104
"PSA","G",28,"H","F",2,0.123
"PSA","G",28,"H","F",3,0.132
"PSA","G",28,"H","F",4,0.114
"PSA","G",28,"H","F",5,0.134
"PSA","G",28,"H","F",6,0.139
"PSA","G",28,"H","F",7,0.113
"PSA","G",28,"H","F",8,0.12
"PSA","G",28,"H","F",9,0.116
"PSA","G",28,"H","F",10,0.174
"PSA","G",28,"H","F",11,0.116
"PSA","G",28,"H","F",12,0.109
"PSA","G",28,"H","F",13,0.111
"PSA","G",28,"H","F",14,0.131
"PSA","G",28,"H","F",15,0.122
"PSA","G",28,"H","F",16,0.123
"PSA","G",28,"H","F",17,0.133
"PSA","G",28,"H","F",18,0.11
"PSA","G",28,"H","F",19,0.123
"PSA","G",28,"H","F",20,0.146
"PSA","L",28,"H","F",1,0.152
"PSA","L",28,"H","F",2,0.143
"PSA","L",28,"H","F",3,0.159
"PSA","L",28,"H","F",4,0.088
"PSA","L",28,"H","F",5,0.137
"PSA","L",28,"H","F",6,0.131
"PSA","L",28,"H","F",7,0.178
"PSA","L",28,"H","F",8,0.123
"PSA","L",28,"H","F",9,0.142
"PSA","L",28,"H","F",10,0.136
"PSA","L",28,"H","F",11,0.148
"PSA","L",28,"H","F",12,0.168
"PSA","L",28,"H","F",13,0.169
"PSA","L",28,"H","F",14,0.125
"PSA","L",28,"H","F",15,0.143
"PSA","L",28,"H","F",16,0.157
"PSA","L",28,"H","F",17,0.13
"PSA","L",28,"H","F",18,0.148
"PSA","L",28,"H","F",19,0.138
"PSA","L",28,"H","F",20,0.132
"PSA","C",28,"H","F",1,0.134
"PSA","C",28,"H","F",2,0.136
"PSA","C",28,"H","F",3,0.158
"PSA","C",28,"H","F",4,0.156
"PSA","C",28,"H","F",5,0.141
"PSA","C",28,"H","F",6,0.131
"PSA","C",28,"H","F",7,0.131
"PSA","C",28,"H","F",8,0.183
"PSA","C",28,"H","F",9,0.142
"PSA","C",28,"H","F",10,0.139
"PSA","C",28,"H","F",11,0.148
"PSA","C",28,"H","F",12,0.132
"PSA","C",28,"H","F",13,0.144
"PSA","C",28,"H","F",14,0.144
"PSA","C",28,"H","F",15,0.131
"PSA","C",28,"H","F",16,0.141
"PSA","C",28,"H","F",17,0.185
"PSA","C",28,"H","F",18,0.183
"PSA","C",28,"H","F",19,0.172
"PSA","C",28,"H","F",20,0.131
"PSA","D",28,"H","F",1,0.142
"PSA","D",28,"H","F",2,0.138
"PSA","D",28,"H","F",3,0.145
"PSA","D",28,"H","F",4,0.146
"PSA","D",28,"H","F",5,0.153
"PSA","D",28,"H","F",6,0.152
"PSA","D",28,"H","F",7,0.166
"PSA","D",28,"H","F",8,0.142
"PSA","D",28,"H","F",9,0.141
"PSA","D",28,"H","F",10,0.16
"PSA","D",28,"H","F",11,0.132
"PSA","D",28,"H","F",12,0.151
"PSA","D",28,"H","F",13,0.139
"PSA","D",28,"H","F",14,0.111
"PSA","D",28,"H","F",15,0.151
"PSA","D",28,"H","F",16,0.138
"PSA","D",28,"H","F",17,0.128
"PSA","D",28,"H","F",18,
"PSA","D",28,"H","F",19,
"PSA","D",28,"H","F",20,
"PSA","A",24,"H","F",1,0.154
"PSA","A",24,"H","F",2,0.12
"PSA","A",24,"H","F",3,0.171
"PSA","A",24,"H","F",4,0.172
"PSA","A",24,"H","F",5,0.194
"PSA","A",24,"H","F",6,0.136
"PSA","A",24,"H","F",7,0.137
"PSA","A",24,"H","F",8,0.171
"PSA","A",24,"H","F",9,0.161
"PSA","A",24,"H","F",10,0.131
"PSA","A",24,"H","F",11,0.131
"PSA","A",24,"H","F",12,0.137
"PSA","A",24,"H","F",13,0.156
"PSA","A",24,"H","F",14,0.124
"PSA","A",24,"H","F",15,0.159
"PSA","A",24,"H","F",16,0.158
"PSA","A",24,"H","F",17,0.159
"PSA","A",24,"H","F",18,0.131
"PSA","A",24,"H","F",19,0.158
"PSA","A",24,"H","F",20,0.185
"PSA","G",24,"H","F",1,0.115
"PSA","G",24,"H","F",2,0.108
"PSA","G",24,"H","F",3,0.147
"PSA","G",24,"H","F",4,0.168
"PSA","G",24,"H","F",5,0.12
"PSA","G",24,"H","F",6,0.155
"PSA","G",24,"H","F",7,0.136
"PSA","G",24,"H","F",8,0.14
"PSA","G",24,"H","F",9,0.154
"PSA","G",24,"H","F",10,0.137
"PSA","G",24,"H","F",11,0.117
"PSA","G",24,"H","F",12,0.109
"PSA","G",24,"H","F",13,0.13
"PSA","G",24,"H","F",14,0.143
"PSA","G",24,"H","F",15,0.165
"PSA","G",24,"H","F",16,0.117
"PSA","G",24,"H","F",17,0.165
"PSA","G",24,"H","F",18,0.178
"PSA","G",24,"H","F",19,0.14
"PSA","G",24,"H","F",20,0.164
"PSA","L",24,"H","F",1,0.139
"PSA","L",24,"H","F",2,0.137
"PSA","L",24,"H","F",3,0.14
"PSA","L",24,"H","F",4,0.182
"PSA","L",24,"H","F",5,0.182
"PSA","L",24,"H","F",6,0.195
"PSA","L",24,"H","F",7,0.157
"PSA","L",24,"H","F",8,0.189
"PSA","L",24,"H","F",9,0.13
"PSA","L",24,"H","F",10,0.11
"PSA","L",24,"H","F",11,0.196
"PSA","L",24,"H","F",12,0.19
"PSA","L",24,"H","F",13,0.211
"PSA","L",24,"H","F",14,0.185
"PSA","L",24,"H","F",15,0.115
"PSA","L",24,"H","F",16,0.135
"PSA","L",24,"H","F",17,0.163
"PSA","L",24,"H","F",18,0.208
"PSA","L",24,"H","F",19,0.171
"PSA","L",24,"H","F",20,0.138
"PSA","C",24,"H","F",1,0.145
"PSA","C",24,"H","F",2,0.18
"PSA","C",24,"H","F",3,0.14
"PSA","C",24,"H","F",4,0.14
"PSA","C",24,"H","F",5,0.132
"PSA","C",24,"H","F",6,0.145
"PSA","C",24,"H","F",7,0.139
"PSA","C",24,"H","F",8,0.174
"PSA","C",24,"H","F",9,0.128
"PSA","C",24,"H","F",10,0.12
"PSA","C",24,"H","F",11,0.202
"PSA","C",24,"H","F",12,0.134
"PSA","C",24,"H","F",13,0.171
"PSA","C",24,"H","F",14,0.166
"PSA","C",24,"H","F",15,0.13
"PSA","C",24,"H","F",16,0.159
"PSA","C",24,"H","F",17,0.154
"PSA","C",24,"H","F",18,0.138
"PSA","C",24,"H","F",19,0.186
"PSA","C",24,"H","F",20,0.146
"PSA","A",20,"H","F",1,0.146
"PSA","A",20,"H","F",2,0.145
"PSA","A",20,"H","F",3,0.147
"PSA","A",20,"H","F",4,0.124
"PSA","A",20,"H","F",5,0.13
"PSA","A",20,"H","F",6,0.129
"PSA","A",20,"H","F",7,0.141
"PSA","A",20,"H","F",8,0.125
"PSA","A",20,"H","F",9,0.104
"PSA","A",20,"H","F",10,0.124
"PSA","A",20,"H","F",11,0.149
"PSA","A",20,"H","F",12,0.13
"PSA","A",20,"H","F",13,0.18
"PSA","A",20,"H","F",14,0.144
"PSA","A",20,"H","F",15,0.136
"PSA","A",20,"H","F",16,0.142
"PSA","A",20,"H","F",17,0.132
"PSA","A",20,"H","F",18,0.132
"PSA","A",20,"H","F",19,0.124
"PSA","A",20,"H","F",20,0.134
"PSA","G",20,"H","F",1,0.114
"PSA","G",20,"H","F",2,0.133
"PSA","G",20,"H","F",3,0.13
"PSA","G",20,"H","F",4,0.175
"PSA","G",20,"H","F",5,0.121
"PSA","G",20,"H","F",6,0.128
"PSA","G",20,"H","F",7,0.132
"PSA","G",20,"H","F",8,0.131
"PSA","G",20,"H","F",9,0.138
"PSA","G",20,"H","F",10,0.15
"PSA","G",20,"H","F",11,0.168
"PSA","G",20,"H","F",12,0.11
"PSA","G",20,"H","F",13,0.111
"PSA","G",20,"H","F",14,0.134
"PSA","G",20,"H","F",15,0.121
"PSA","G",20,"H","F",16,0.164
"PSA","G",20,"H","F",17,0.146
"PSA","G",20,"H","F",18,0.109
"PSA","G",20,"H","F",19,0.113
"PSA","G",20,"H","F",20,0.128
"PSA","L",20,"H","F",1,0.101
"PSA","L",20,"H","F",2,0.135
"PSA","L",20,"H","F",3,0.131
"PSA","L",20,"H","F",4,0.127
"PSA","L",20,"H","F",5,0.179
"PSA","L",20,"H","F",6,0.127
"PSA","L",20,"H","F",7,0.143
"PSA","L",20,"H","F",8,0.153
"PSA","L",20,"H","F",9,0.153
"PSA","L",20,"H","F",10,0.181
"PSA","L",20,"H","F",11,0.131
"PSA","L",20,"H","F",12,0.133
"PSA","L",20,"H","F",13,0.123
"PSA","L",20,"H","F",14,0.173
"PSA","L",20,"H","F",15,0.107
"PSA","L",20,"H","F",16,0.146
"PSA","L",20,"H","F",17,0.134
"PSA","L",20,"H","F",18,0.155
"PSA","L",20,"H","F",19,0.183
"PSA","L",20,"H","F",20,0.123
"PSA","C",20,"H","F",1,0.141
"PSA","C",20,"H","F",2,0.124
"PSA","C",20,"H","F",3,0.125
"PSA","C",20,"H","F",4,0.129
"PSA","C",20,"H","F",5,0.131
"PSA","C",20,"H","F",6,0.149
"PSA","C",20,"H","F",7,0.145
"PSA","C",20,"H","F",8,0.16
"PSA","C",20,"H","F",9,0.134
"PSA","C",20,"H","F",10,0.137
"PSA","C",20,"H","F",11,0.195
"PSA","C",20,"H","F",12,0.188
"PSA","C",20,"H","F",13,0.139
"PSA","C",20,"H","F",14,0.165
"PSA","C",20,"H","F",15,0.179
"PSA","C",20,"H","F",16,0.163
"PSA","C",20,"H","F",17,0.131
"PSA","C",20,"H","F",18,0.138
"PSA","C",20,"H","F",19,0.138
"PSA","C",20,"H","F",20,0.145
"PSA","D",20,"H","F",1,0.134
"PSA","D",20,"H","F",2,0.132
"PSA","D",20,"H","F",3,0.123
"PSA","D",20,"H","F",4,0.147
"PSA","D",20,"H","F",5,0.128
"PSA","D",20,"H","F",6,0.137
"PSA","D",20,"H","F",7,0.125
"PSA","D",20,"H","F",8,0.09
"PSA","D",20,"H","F",9,0.135
"PSA","D",20,"H","F",10,0.129
"PSA","D",20,"H","F",11,0.122
"PSA","D",20,"H","F",12,0.123
"PSA","D",20,"H","F",13,0.128
"PSA","D",20,"H","F",14,0.124
"PSA","D",20,"H","F",15,0.145
"PSA","D",20,"H","F",16,0.128
"PSA","D",20,"H","F",17,0.131
"PSA","D",20,"H","F",18,0.115
"PSA","D",20,"H","F",19,0.115
"PSA","M",28,"H","F",1,0.106
"PSA","M",28,"H","F",2,0.131
"PSA","M",28,"H","F",3,0.129
"PSA","M",28,"H","F",4,0.155
"PSA","M",28,"H","F",5,0.163
"PSA","M",28,"H","F",6,0.131
"PSA","M",28,"H","F",7,0.143
"PSA","M",28,"H","F",8,0.119
"PSA","M",28,"H","F",9,0.149
"PSA","M",28,"H","F",10,0.119
"PSA","M",28,"H","F",11,0.155
"PSA","M",28,"H","F",12,0.175
"PSA","M",28,"H","F",13,0.131
"PSA","M",28,"H","F",14,0.143
"PSA","M",28,"H","F",15,0.187
"PSA","M",28,"H","F",16,0.202
"PSA","M",28,"H","F",17,0.164
"PSA","M",28,"H","F",18,0.117
"PSA","M",28,"H","F",19,0.122
"PSA","M",28,"H","F",20,0.126
"PSA","M",24,"H","F",1,0.165
"PSA","M",24,"H","F",2,0.199
"PSA","M",24,"H","F",3,0.119
"PSA","M",24,"H","F",4,0.138
"PSA","M",24,"H","F",5,0.152
"PSA","M",24,"H","F",6,0.172
"PSA","M",24,"H","F",7,0.147
"PSA","M",24,"H","F",8,0.098
"PSA","M",24,"H","F",9,0.14
"PSA","M",24,"H","F",10,0.144
"PSA","M",24,"H","F",11,0.153
"PSA","M",24,"H","F",12,0.159
"PSA","M",24,"H","F",13,0.129
"PSA","M",24,"H","F",14,0.254
"PSA","M",24,"H","F",15,0.147
"PSA","M",24,"H","F",16,0.157
"PSA","M",24,"H","F",17,0.161
"PSA","M",24,"H","F",18,0.155
"PSA","M",24,"H","F",19,0.12
"PSA","M",24,"H","F",20,0.161
"PSA","M",20,"H","F",1,0.124
"PSA","M",20,"H","F",2,0.132
"PSA","M",20,"H","F",3,0.102
"PSA","M",20,"H","F",4,0.129
"PSA","M",20,"H","F",5,0.109
"PSA","M",20,"H","F",6,0.134
"PSA","M",20,"H","F",7,0.119
"PSA","M",20,"H","F",8,0.116
"PSA","M",20,"H","F",9,0.114
"PSA","M",20,"H","F",10,0.109
"PSA","M",20,"H","F",11,0.135
"PSA","M",20,"H","F",12,0.132
"PSA","M",20,"H","F",13,0.121
"PSA","M",20,"H","F",14,0.161
"PSA","M",20,"H","F",15,0.091
"PSA","M",20,"H","F",16,0.188
"PSA","M",20,"H","F",17,0.185
"PSA","M",20,"H","F",18,0.13
"PSA","M",20,"H","F",19,0.131
"PSA","M",20,"H","F",20,
"PST","A",24,"H","F",1,0.304
"PST","A",24,"H","F",2,0.319
"PST","A",24,"H","F",3,0.298
"PST","A",24,"H","F",4,0.208
"PST","A",24,"H","F",5,0.331
"PST","A",24,"H","F",6,0.337
"PST","A",24,"H","F",7,0.324
"PST","A",24,"H","F",8,0.229
"PST","A",24,"H","F",9,0.305
"PST","A",24,"H","F",10,0.232
"PST","A",24,"H","F",11,0.321
"PST","A",24,"H","F",12,0.195
"PST","A",24,"H","F",13,0.307
"PST","A",24,"H","F",14,0.278
"PST","A",24,"H","F",15,0.294
"PST","A",24,"H","F",16,0.326
"PST","A",24,"H","F",17,0.281
"PST","A",24,"H","F",18,0.263
"PST","A",24,"H","F",19,0.242
"PST","A",24,"H","F",20,0.201
"PST","G",24,"H","F",1,0.168
"PST","G",24,"H","F",2,0.195
"PST","G",24,"H","F",3,0.214
"PST","G",24,"H","F",4,0.252
"PST","G",24,"H","F",5,0.189
"PST","G",24,"H","F",6,0.196
"PST","G",24,"H","F",7,0.295
"PST","G",24,"H","F",8,0.253
"PST","G",24,"H","F",9,0.239
"PST","G",24,"H","F",10,0.244
"PST","G",24,"H","F",11,0.228
"PST","G",24,"H","F",12,0.238
"PST","G",24,"H","F",13,0.194
"PST","G",24,"H","F",14,0.207
"PST","G",24,"H","F",15,0.183
"PST","G",24,"H","F",16,0.181
"PST","G",24,"H","F",17,0.217
"PST","G",24,"H","F",18,0.228
"PST","G",24,"H","F",19,0.251
"PST","G",24,"H","F",20,
"PST","L",24,"H","F",1,0.23
"PST","L",24,"H","F",2,0.233
"PST","L",24,"H","F",3,0.219
"PST","L",24,"H","F",4,0.223
"PST","L",24,"H","F",5,0.285
"PST","L",24,"H","F",6,0.237
"PST","L",24,"H","F",7,0.207
"PST","L",24,"H","F",8,0.251
"PST","L",24,"H","F",9,0.266
"PST","L",24,"H","F",10,0.233
"PST","L",24,"H","F",11,0.282
"PST","L",24,"H","F",12,0.301
"PST","L",24,"H","F",13,0.299
"PST","L",24,"H","F",14,0.26
"PST","L",24,"H","F",15,0.258
"PST","L",24,"H","F",16,0.275
"PST","L",24,"H","F",17,0.309
"PST","L",24,"H","F",18,0.233
"PST","L",24,"H","F",19,0.221
"PST","L",24,"H","F",20,0.205
"PST","C",24,"H","F",1,0.313
"PST","C",24,"H","F",2,0.29
"PST","C",24,"H","F",3,0.3
"PST","C",24,"H","F",4,0.21
"PST","C",24,"H","F",5,0.306
"PST","C",24,"H","F",6,0.219
"PST","C",24,"H","F",7,0.256
"PST","C",24,"H","F",8,0.333
"PST","C",24,"H","F",9,0.286
"PST","C",24,"H","F",10,0.242
"PST","C",24,"H","F",11,0.291
"PST","C",24,"H","F",12,0.207
"PST","C",24,"H","F",13,0.261
"PST","C",24,"H","F",14,0.296
"PST","C",24,"H","F",15,0.243
"PST","C",24,"H","F",16,0.351
"PST","C",24,"H","F",17,0.316
"PST","C",24,"H","F",18,0.252
"PST","C",24,"H","F",19,0.301
"PST","C",24,"H","F",20,0.288
"PST","D",24,"H","F",1,0.26
"PST","D",24,"H","F",2,0.284
"PST","D",24,"H","F",3,0.227
"PST","D",24,"H","F",4,0.283
"PST","D",24,"H","F",5,0.319
"PST","D",24,"H","F",6,0.339
"PST","D",24,"H","F",7,0.198
"PST","D",24,"H","F",8,
"PST","D",24,"H","F",9,
"PST","D",24,"H","F",10,
"PST","D",24,"H","F",11,
"PST","D",24,"H","F",12,
"PST","D",24,"H","F",13,
"PST","D",24,"H","F",14,
"PST","D",24,"H","F",15,
"PST","D",24,"H","F",16,
"PST","D",24,"H","F",17,
"PST","D",24,"H","F",18,
"PST","D",24,"H","F",19,
"PST","D",24,"H","F",20,
"PST","A",20,"H","F",1,0.239
"PST","A",20,"H","F",2,0.243
"PST","A",20,"H","F",3,0.231
"PST","A",20,"H","F",4,0.298
"PST","A",20,"H","F",5,0.347
"PST","A",20,"H","F",6,0.251
"PST","A",20,"H","F",7,0.236
"PST","A",20,"H","F",8,0.25
"PST","A",20,"H","F",9,0.348
"PST","A",20,"H","F",10,0.228
"PST","A",20,"H","F",11,0.233
"PST","A",20,"H","F",12,0.253
"PST","A",20,"H","F",13,0.255
"PST","A",20,"H","F",14,0.233
"PST","A",20,"H","F",15,0.281
"PST","A",20,"H","F",16,0.236
"PST","A",20,"H","F",17,0.233
"PST","A",20,"H","F",18,0.234
"PST","A",20,"H","F",19,0.216
"PST","A",20,"H","F",20,0.361
"PST","G",20,"H","F",1,0.204
"PST","G",20,"H","F",2,0.242
"PST","G",20,"H","F",3,0.273
"PST","G",20,"H","F",4,0.213
"PST","G",20,"H","F",5,0.26
"PST","G",20,"H","F",6,0.222
"PST","G",20,"H","F",7,0.186
"PST","G",20,"H","F",8,0.199
"PST","G",20,"H","F",9,0.21
"PST","G",20,"H","F",10,0.216
"PST","G",20,"H","F",11,0.275
"PST","G",20,"H","F",12,0.252
"PST","G",20,"H","F",13,0.272
"PST","G",20,"H","F",14,0.221
"PST","G",20,"H","F",15,0.134
"PST","G",20,"H","F",16,0.271
"PST","G",20,"H","F",17,0.21
"PST","G",20,"H","F",18,0.204
"PST","G",20,"H","F",19,0.182
"PST","G",20,"H","F",20,0.212
"PST","L",20,"H","F",1,0.296
"PST","L",20,"H","F",2,0.274
"PST","L",20,"H","F",3,0.232
"PST","L",20,"H","F",4,0.272
"PST","L",20,"H","F",5,0.22
"PST","L",20,"H","F",6,0.217
"PST","L",20,"H","F",7,0.229
"PST","L",20,"H","F",8,0.256
"PST","L",20,"H","F",9,0.282
"PST","L",20,"H","F",10,0.206
"PST","L",20,"H","F",11,0.271
"PST","L",20,"H","F",12,0.364
"PST","L",20,"H","F",13,0.22
"PST","L",20,"H","F",14,0.263
"PST","L",20,"H","F",15,0.23
"PST","L",20,"H","F",16,0.229
"PST","L",20,"H","F",17,0.224
"PST","L",20,"H","F",18,0.314
"PST","L",20,"H","F",19,0.296
"PST","L",20,"H","F",20,0.248
"PST","C",20,"H","F",1,0.215
"PST","C",20,"H","F",2,0.227
"PST","C",20,"H","F",3,0.243
"PST","C",20,"H","F",4,0.31
"PST","C",20,"H","F",5,0.224
"PST","C",20,"H","F",6,0.216
"PST","C",20,"H","F",7,0.336
"PST","C",20,"H","F",8,0.209
"PST","C",20,"H","F",9,0.253
"PST","C",20,"H","F",10,0.245
"PST","C",20,"H","F",11,0.233
"PST","C",20,"H","F",12,0.27
"PST","C",20,"H","F",13,0.306
"PST","C",20,"H","F",14,0.293
"PST","C",20,"H","F",15,0.224
"PST","C",20,"H","F",16,0.245
"PST","C",20,"H","F",17,0.217
"PST","C",20,"H","F",18,0.229
"PST","C",20,"H","F",19,0.244
"PST","C",20,"H","F",20,0.274
"PST","D",20,"H","F",1,0.21
"PST","D",20,"H","F",2,0.224
"PST","D",20,"H","F",3,0.249
"PST","D",20,"H","F",4,0.209
"PST","D",20,"H","F",5,0.224
"PST","D",20,"H","F",6,0.213
"PST","D",20,"H","F",7,0.228
"PST","D",20,"H","F",8,0.226
"PST","D",20,"H","F",9,0.233
"PST","D",20,"H","F",10,0.218
"PST","D",20,"H","F",11,0.228
"PST","D",20,"H","F",12,0.211
"PST","D",20,"H","F",13,0.214
"PST","D",20,"H","F",14,0.23
"PST","D",20,"H","F",15,0.228
"PST","D",20,"H","F",16,0.308
"PST","D",20,"H","F",17,0.228
"PST","D",20,"H","F",18,0.198
"PST","D",20,"H","F",19,0.223
"PST","D",20,"H","F",20,0.188
"PST","M",24,"H","F",1,0.249
"PST","M",24,"H","F",2,0.233
"PST","M",24,"H","F",3,0.274
"PST","M",24,"H","F",4,0.191
"PST","M",24,"H","F",5,0.184
"PST","M",24,"H","F",6,0.313
"PST","M",24,"H","F",7,0.176
"PST","M",24,"H","F",8,0.195
"PST","M",24,"H","F",9,0.176
"PST","M",24,"H","F",10,0.162
"PST","M",24,"H","F",11,0.203
"PST","M",24,"H","F",12,0.302
"PST","M",24,"H","F",13,0.26
"PST","M",24,"H","F",14,0.264
"PST","M",24,"H","F",15,0.252
"PST","M",24,"H","F",16,0.18
"PST","M",24,"H","F",17,0.208
"PST","M",24,"H","F",18,0.233
"PST","M",24,"H","F",19,0.175
"PST","M",24,"H","F",20,
"PST","M",20,"H","F",1,0.234
"PST","M",20,"H","F",2,0.227
"PST","M",20,"H","F",3,0.204
"PST","M",20,"H","F",4,0.214
"PST","M",20,"H","F",5,0.292
"PST","M",20,"H","F",6,0.183
"PST","M",20,"H","F",7,0.187
"PST","M",20,"H","F",8,0.213
"PST","M",20,"H","F",9,0.259
"PST","M",20,"H","F",10,0.215
"PST","M",20,"H","F",11,0.231
"PST","M",20,"H","F",12,0.286
"PST","M",20,"H","F",13,0.214
"PST","M",20,"H","F",14,0.285
"PST","M",20,"H","F",15,0.216
"PST","M",20,"H","F",16,0.22
"PST","M",20,"H","F",17,0.295
"PST","M",20,"H","F",18,0.259
"PST","M",20,"H","F",19,0.303
"PST","M",20,"H","F",20,0.22
"SUL","A",28,"H","F",1,0.308
"SUL","A",28,"H","F",2,0.37
"SUL","A",28,"H","F",3,0.35
"SUL","A",28,"H","F",4,0.33
"SUL","A",28,"H","F",5,0.32
"SUL","A",28,"H","F",6,0.367
"SUL","A",28,"H","F",7,0.346
"SUL","A",28,"H","F",8,0.356
"SUL","A",28,"H","F",9,0.359
"SUL","A",28,"H","F",10,0.351
"SUL","A",28,"H","F",11,0.333
"SUL","A",28,"H","F",12,0.357
"SUL","A",28,"H","F",13,0.338
"SUL","A",28,"H","F",14,0.363
"SUL","A",28,"H","F",15,0.288
"SUL","A",28,"H","F",16,0.3
"SUL","A",28,"H","F",17,0.313
"SUL","A",28,"H","F",18,0.327
"SUL","A",28,"H","F",19,0.362
"SUL","A",28,"H","F",20,0.329
"SUL","G",28,"H","F",1,0.259
"SUL","G",28,"H","F",2,0.342
"SUL","G",28,"H","F",3,0.278
"SUL","G",28,"H","F",4,0.363
"SUL","G",28,"H","F",5,0.297
"SUL","G",28,"H","F",6,0.293
"SUL","G",28,"H","F",7,0.316
"SUL","G",28,"H","F",8,0.277
"SUL","G",28,"H","F",9,0.292
"SUL","G",28,"H","F",10,0.294
"SUL","G",28,"H","F",11,0.327
"SUL","G",28,"H","F",12,0.316
"SUL","G",28,"H","F",13,0.348
"SUL","G",28,"H","F",14,0.316
"SUL","G",28,"H","F",15,0.335
"SUL","G",28,"H","F",16,0.241
"SUL","G",28,"H","F",17,0.389
"SUL","G",28,"H","F",18,0.291
"SUL","G",28,"H","F",19,0.314
"SUL","G",28,"H","F",20,0.322
"SUL","L",28,"H","F",1,0.293
"SUL","L",28,"H","F",2,0.321
"SUL","L",28,"H","F",3,0.295
"SUL","L",28,"H","F",4,0.351
"SUL","L",28,"H","F",5,0.353
"SUL","L",28,"H","F",6,0.323
"SUL","L",28,"H","F",7,0.34
"SUL","L",28,"H","F",8,0.344
"SUL","L",28,"H","F",9,0.334
"SUL","L",28,"H","F",10,0.364
"SUL","L",28,"H","F",11,0.338
"SUL","L",28,"H","F",12,0.313
"SUL","L",28,"H","F",13,0.342
"SUL","L",28,"H","F",14,0.392
"SUL","L",28,"H","F",15,0.35
"SUL","L",28,"H","F",16,0.365
"SUL","L",28,"H","F",17,0.346
"SUL","L",28,"H","F",18,0.321
"SUL","L",28,"H","F",19,0.348
"SUL","L",28,"H","F",20,0.364
"SUL","C",28,"H","F",1,0.301
"SUL","C",28,"H","F",2,0.353
"SUL","C",28,"H","F",3,0.342
"SUL","C",28,"H","F",4,0.323
"SUL","C",28,"H","F",5,0.328
"SUL","C",28,"H","F",6,0.331
"SUL","C",28,"H","F",7,0.398
"SUL","C",28,"H","F",8,0.409
"SUL","C",28,"H","F",9,0.359
"SUL","C",28,"H","F",10,0.397
"SUL","C",28,"H","F",11,0.393
"SUL","C",28,"H","F",12,0.356
"SUL","C",28,"H","F",13,0.338
"SUL","C",28,"H","F",14,0.352
"SUL","C",28,"H","F",15,0.357
"SUL","C",28,"H","F",16,0.33
"SUL","C",28,"H","F",17,0.374
"SUL","C",28,"H","F",18,0.359
"SUL","C",28,"H","F",19,0.377
"SUL","C",28,"H","F",20,0.334
"SUL","D",28,"H","F",1,0.326
"SUL","D",28,"H","F",2,0.295
"SUL","D",28,"H","F",3,0.313
"SUL","D",28,"H","F",4,0.312
"SUL","D",28,"H","F",5,0.322
"SUL","D",28,"H","F",6,0.345
"SUL","D",28,"H","F",7,0.315
"SUL","D",28,"H","F",8,0.357
"SUL","D",28,"H","F",9,0.431
"SUL","D",28,"H","F",10,0.214
"SUL","D",28,"H","F",11,0.324
"SUL","D",28,"H","F",12,0.319
"SUL","D",28,"H","F",13,0.247
"SUL","D",28,"H","F",14,0.325
"SUL","D",28,"H","F",15,0.35
"SUL","D",28,"H","F",16,0.357
"SUL","D",28,"H","F",17,0.269
"SUL","D",28,"H","F",18,0.385
"SUL","D",28,"H","F",19,0.368
"SUL","D",28,"H","F",20,
"SUL","A",24,"H","F",1,0.327
"SUL","A",24,"H","F",2,0.333
"SUL","A",24,"H","F",3,0.32
"SUL","A",24,"H","F",4,0.428
"SUL","A",24,"H","F",5,0.304
"SUL","A",24,"H","F",6,0.301
"SUL","A",24,"H","F",7,0.286
"SUL","A",24,"H","F",8,0.321
"SUL","A",24,"H","F",9,0.31
"SUL","A",24,"H","F",10,0.261
"SUL","A",24,"H","F",11,0.312
"SUL","A",24,"H","F",12,0.365
"SUL","A",24,"H","F",13,0.332
"SUL","A",24,"H","F",14,0.341
"SUL","A",24,"H","F",15,0.358
"SUL","A",24,"H","F",16,0.388
"SUL","A",24,"H","F",17,0.3
"SUL","A",24,"H","F",18,0.221
"SUL","A",24,"H","F",19,0.26
"SUL","A",24,"H","F",20,0.326
"SUL","G",24,"H","F",1,0.286
"SUL","G",24,"H","F",2,0.364
"SUL","G",24,"H","F",3,0.303
"SUL","G",24,"H","F",4,0.278
"SUL","G",24,"H","F",5,0.313
"SUL","G",24,"H","F",6,0.269
"SUL","G",24,"H","F",7,0.403
"SUL","G",24,"H","F",8,0.341
"SUL","G",24,"H","F",9,0.28
"SUL","G",24,"H","F",10,0.338
"SUL","G",24,"H","F",11,0.34
"SUL","G",24,"H","F",12,0.374
"SUL","G",24,"H","F",13,0.3
"SUL","G",24,"H","F",14,0.317
"SUL","G",24,"H","F",15,0.423
"SUL","G",24,"H","F",16,0.323
"SUL","G",24,"H","F",17,0.432
"SUL","G",24,"H","F",18,0.34
"SUL","G",24,"H","F",19,0.28
"SUL","G",24,"H","F",20,0.334
"SUL","L",24,"H","F",1,0.506
"SUL","L",24,"H","F",2,0.392
"SUL","L",24,"H","F",3,0.353
"SUL","L",24,"H","F",4,0.506
"SUL","L",24,"H","F",5,0.317
"SUL","L",24,"H","F",6,0.391
"SUL","L",24,"H","F",7,0.381
"SUL","L",24,"H","F",8,0.372
"SUL","L",24,"H","F",9,0.336
"SUL","L",24,"H","F",10,0.382
"SUL","L",24,"H","F",11,0.308
"SUL","L",24,"H","F",12,0.406
"SUL","L",24,"H","F",13,0.402
"SUL","L",24,"H","F",14,0.405
"SUL","L",24,"H","F",15,0.348
"SUL","L",24,"H","F",16,0.46
"SUL","L",24,"H","F",17,0.358
"SUL","L",24,"H","F",18,0.387
"SUL","L",24,"H","F",19,0.324
"SUL","L",24,"H","F",20,0.331
"SUL","C",24,"H","F",1,0.4
"SUL","C",24,"H","F",2,0.424
"SUL","C",24,"H","F",3,0.418
"SUL","C",24,"H","F",4,0.375
"SUL","C",24,"H","F",5,0.398
"SUL","C",24,"H","F",6,0.398
"SUL","C",24,"H","F",7,0.387
"SUL","C",24,"H","F",8,0.454
"SUL","C",24,"H","F",9,0.459
"SUL","C",24,"H","F",10,0.525
"SUL","C",24,"H","F",11,0.358
"SUL","C",24,"H","F",12,0.374
"SUL","C",24,"H","F",13,0.422
"SUL","C",24,"H","F",14,0.389
"SUL","C",24,"H","F",15,0.311
"SUL","C",24,"H","F",16,0.315
"SUL","C",24,"H","F",17,0.374
"SUL","C",24,"H","F",18,0.358
"SUL","C",24,"H","F",19,0.397
"SUL","C",24,"H","F",20,0.359
"SUL","D",24,"H","F",1,0.342
"SUL","D",24,"H","F",2,0.4
"SUL","D",24,"H","F",3,0.439
"SUL","D",24,"H","F",4,0.331
"SUL","D",24,"H","F",5,0.511
"SUL","D",24,"H","F",6,0.427
"SUL","D",24,"H","F",7,0.407
"SUL","D",24,"H","F",8,0.382
"SUL","D",24,"H","F",9,0.418
"SUL","D",24,"H","F",10,0.38
"SUL","D",24,"H","F",11,0.395
"SUL","D",24,"H","F",12,0.314
"SUL","D",24,"H","F",13,0.413
"SUL","D",24,"H","F",14,0.442
"SUL","D",24,"H","F",15,0.388
"SUL","D",24,"H","F",16,0.366
"SUL","D",24,"H","F",17,0.393
"SUL","D",24,"H","F",18,0.474
"SUL","D",24,"H","F",19,0.377
"SUL","D",24,"H","F",20,0.41
"SUL","A",20,"H","F",1,0.25
"SUL","A",20,"H","F",2,0.343
"SUL","A",20,"H","F",3,0.372
"SUL","A",20,"H","F",4,0.36
"SUL","A",20,"H","F",5,0.365
"SUL","A",20,"H","F",6,0.358
"SUL","A",20,"H","F",7,0.274
"SUL","A",20,"H","F",8,0.322
"SUL","A",20,"H","F",9,0.371
"SUL","A",20,"H","F",10,0.366
"SUL","A",20,"H","F",11,0.266
"SUL","A",20,"H","F",12,0.385
"SUL","A",20,"H","F",13,0.42
"SUL","A",20,"H","F",14,0.347
"SUL","A",20,"H","F",15,0.291
"SUL","A",20,"H","F",16,0.37
"SUL","A",20,"H","F",17,0.354
"SUL","A",20,"H","F",18,0.36
"SUL","A",20,"H","F",19,0.384
"SUL","A",20,"H","F",20,0.333
"SUL","G",20,"H","F",1,0.333
"SUL","G",20,"H","F",2,0.357
"SUL","G",20,"H","F",3,0.357
"SUL","G",20,"H","F",4,0.315
"SUL","G",20,"H","F",5,0.405
"SUL","G",20,"H","F",6,0.309
"SUL","G",20,"H","F",7,0.393
"SUL","G",20,"H","F",8,0.371
"SUL","G",20,"H","F",9,0.295
"SUL","G",20,"H","F",10,0.38
"SUL","G",20,"H","F",11,0.306
"SUL","G",20,"H","F",12,0.334
"SUL","G",20,"H","F",13,0.336
"SUL","G",20,"H","F",14,0.319
"SUL","G",20,"H","F",15,0.35
"SUL","G",20,"H","F",16,0.317
"SUL","G",20,"H","F",17,0.323
"SUL","G",20,"H","F",18,0.433
"SUL","G",20,"H","F",19,
"SUL","G",20,"H","F",20,
"SUL","L",20,"H","F",1,0.311
"SUL","L",20,"H","F",2,0.343
"SUL","L",20,"H","F",3,0.293
"SUL","L",20,"H","F",4,0.346
"SUL","L",20,"H","F",5,0.404
"SUL","L",20,"H","F",6,0.349
"SUL","L",20,"H","F",7,0.407
"SUL","L",20,"H","F",8,0.393
"SUL","L",20,"H","F",9,0.413
"SUL","L",20,"H","F",10,0.292
"SUL","L",20,"H","F",11,0.474
"SUL","L",20,"H","F",12,0.314
"SUL","L",20,"H","F",13,0.358
"SUL","L",20,"H","F",14,0.396
"SUL","L",20,"H","F",15,0.37
"SUL","L",20,"H","F",16,0.416
"SUL","L",20,"H","F",17,0.346
"SUL","L",20,"H","F",18,0.365
"SUL","L",20,"H","F",19,0.364
"SUL","L",20,"H","F",20,0.348
"SUL","C",20,"H","F",1,0.348
"SUL","C",20,"H","F",2,0.389
"SUL","C",20,"H","F",3,0.391
"SUL","C",20,"H","F",4,0.381
"SUL","C",20,"H","F",5,0.405
"SUL","C",20,"H","F",6,0.38
"SUL","C",20,"H","F",7,0.355
"SUL","C",20,"H","F",8,0.353
"SUL","C",20,"H","F",9,0.481
"SUL","C",20,"H","F",10,0.401
"SUL","C",20,"H","F",11,0.36
"SUL","C",20,"H","F",12,0.362
"SUL","C",20,"H","F",13,0.36
"SUL","C",20,"H","F",14,0.41
"SUL","C",20,"H","F",15,0.377
"SUL","C",20,"H","F",16,0.371
"SUL","C",20,"H","F",17,0.462
"SUL","C",20,"H","F",18,0.372
"SUL","C",20,"H","F",19,0.373
"SUL","C",20,"H","F",20,0.402
"SUL","D",20,"H","F",1,0.515
"SUL","D",20,"H","F",2,0.372
"SUL","D",20,"H","F",3,0.37
"SUL","D",20,"H","F",4,0.417
"SUL","D",20,"H","F",5,0.34
"SUL","D",20,"H","F",6,0.476
"SUL","D",20,"H","F",7,0.387
"SUL","D",20,"H","F",8,0.372
"SUL","D",20,"H","F",9,0.406
"SUL","D",20,"H","F",10,0.459
"SUL","D",20,"H","F",11,0.391
"SUL","D",20,"H","F",12,0.367
"SUL","D",20,"H","F",13,0.419
"SUL","D",20,"H","F",14,0.388
"SUL","D",20,"H","F",15,0.375
"SUL","D",20,"H","F",16,0.391
"SUL","D",20,"H","F",17,0.391
"SUL","D",20,"H","F",18,0.44
"SUL","D",20,"H","F",19,0.382
"SUL","D",20,"H","F",20,0.376
"SUL","M",28,"H","F",1,0.308
"SUL","M",28,"H","F",2,0.317
"SUL","M",28,"H","F",3,0.38
"SUL","M",28,"H","F",4,0.313
"SUL","M",28,"H","F",5,0.324
"SUL","M",28,"H","F",6,0.338
"SUL","M",28,"H","F",7,0.266
"SUL","M",28,"H","F",8,0.322
"SUL","M",28,"H","F",9,0.274
"SUL","M",28,"H","F",10,0.297
"SUL","M",28,"H","F",11,0.318
"SUL","M",28,"H","F",12,0.249
"SUL","M",28,"H","F",13,0.378
"SUL","M",28,"H","F",14,0.284
"SUL","M",28,"H","F",15,0.263
"SUL","M",28,"H","F",16,0.328
"SUL","M",28,"H","F",17,0.3
"SUL","M",28,"H","F",18,0.413
"SUL","M",28,"H","F",19,0.361
"SUL","M",28,"H","F",20,0.36
"SUL","M",24,"H","F",1,0.384
"SUL","M",24,"H","F",2,0.414
"SUL","M",24,"H","F",3,0.3
"SUL","M",24,"H","F",4,0.297
"SUL","M",24,"H","F",5,0.362
"SUL","M",24,"H","F",6,0.399
"SUL","M",24,"H","F",7,0.354
"SUL","M",24,"H","F",8,0.321
"SUL","M",24,"H","F",9,0.352
"SUL","M",24,"H","F",10,0.329
"SUL","M",24,"H","F",11,0.336
"SUL","M",24,"H","F",12,0.333
"SUL","M",24,"H","F",13,0.297
"SUL","M",24,"H","F",14,0.324
"SUL","M",24,"H","F",15,0.336
"SUL","M",24,"H","F",16,0.389
"SUL","M",24,"H","F",17,0.351
"SUL","M",24,"H","F",18,0.361
"SUL","M",24,"H","F",19,0.311
"SUL","M",24,"H","F",20,0.259
"SUL","M",20,"H","F",1,0.295
"SUL","M",20,"H","F",2,0.48
"SUL","M",20,"H","F",3,0.365
"SUL","M",20,"H","F",4,0.363
"SUL","M",20,"H","F",5,0.361
"SUL","M",20,"H","F",6,0.483
"SUL","M",20,"H","F",7,0.371
"SUL","M",20,"H","F",8,0.357
"SUL","M",20,"H","F",9,0.358
"SUL","M",20,"H","F",10,0.271
"SUL","M",20,"H","F",11,0.369
"SUL","M",20,"H","F",12,0.267
"SUL","M",20,"H","F",13,0.451
"SUL","M",20,"H","F",14,0.387
"SUL","M",20,"H","F",15,0.388
"SUL","M",20,"H","F",16,0.363
"SUL","M",20,"H","F",17,0.389
"SUL","M",20,"H","F",18,0.344
"SUL","M",20,"H","F",19,0.334
"SUL","M",20,"H","F",20,
"RUB","A",28,"H","F",1,0.449
"RUB","A",28,"H","F",2,0.315
"RUB","A",28,"H","F",3,0.451
"RUB","A",28,"H","F",4,0.446
"RUB","A",28,"H","F",5,0.581
"RUB","A",28,"H","F",6,0.353
"RUB","A",28,"H","F",7,0.44
"RUB","A",28,"H","F",8,0.403
"RUB","A",28,"H","F",9,0.424
"RUB","A",28,"H","F",10,0.401
"RUB","A",28,"H","F",11,0.504
"RUB","A",28,"H","F",12,0.335
"RUB","A",28,"H","F",13,0.391
"RUB","A",28,"H","F",14,0.444
"RUB","A",28,"H","F",15,0.397
"RUB","A",28,"H","F",16,0.488
"RUB","A",28,"H","F",17,0.481
"RUB","A",28,"H","F",18,0.462
"RUB","A",28,"H","F",19,0.445
"RUB","A",28,"H","F",20,0.305
"RUB","G",28,"H","F",1,0.392
"RUB","G",28,"H","F",2,0.411
"RUB","G",28,"H","F",3,0.313
"RUB","G",28,"H","F",4,0.428
"RUB","G",28,"H","F",5,0.513
"RUB","G",28,"H","F",6,0.421
"RUB","G",28,"H","F",7,0.448
"RUB","L",28,"H","F",1,0.4
"RUB","L",28,"H","F",2,0.423
"RUB","L",28,"H","F",3,0.488
"RUB","L",28,"H","F",4,0.489
"RUB","L",28,"H","F",5,0.394
"RUB","L",28,"H","F",6,0.454
"RUB","L",28,"H","F",7,0.425
"RUB","L",28,"H","F",8,0.4
"RUB","L",28,"H","F",9,0.471
"RUB","L",28,"H","F",10,0.467
"RUB","L",28,"H","F",11,0.443
"RUB","L",28,"H","F",12,0.481
"RUB","L",28,"H","F",13,0.328
"RUB","L",28,"H","F",14,0.378
"RUB","L",28,"H","F",15,0.444
"RUB","L",28,"H","F",16,0.476
"RUB","L",28,"H","F",17,0.479
"RUB","L",28,"H","F",18,0.374
"RUB","L",28,"H","F",19,0.349
"RUB","L",28,"H","F",20,0.387
"RUB","C",28,"H","F",1,0.381
"RUB","C",28,"H","F",2,0.443
"RUB","C",28,"H","F",3,0.494
"RUB","C",28,"H","F",4,0.414
"RUB","C",28,"H","F",5,0.452
"RUB","C",28,"H","F",6,0.459
"RUB","C",28,"H","F",7,0.389
"RUB","C",28,"H","F",8,0.416
"RUB","C",28,"H","F",9,0.496
"RUB","C",28,"H","F",10,0.453
"RUB","C",28,"H","F",11,0.441
"RUB","C",28,"H","F",12,0.427
"RUB","C",28,"H","F",13,0.472
"RUB","C",28,"H","F",14,0.489
"RUB","C",28,"H","F",15,0.49
"RUB","C",28,"H","F",16,0.441
"RUB","C",28,"H","F",17,0.458
"RUB","C",28,"H","F",18,0.458
"RUB","C",28,"H","F",19,0.37
"RUB","C",28,"H","F",20,0.407
"RUB","D",28,"H","F",1,0.475
"RUB","D",28,"H","F",2,0.361
"RUB","D",28,"H","F",3,0.496
"RUB","D",28,"H","F",4,0.384
"RUB","D",28,"H","F",5,0.295
"RUB","D",28,"H","F",6,0.416
"RUB","D",28,"H","F",7,0.383
"RUB","D",28,"H","F",8,0.438
"RUB","D",28,"H","F",9,0.351
"RUB","D",28,"H","F",10,0.433
"RUB","D",28,"H","F",11,0.457
"RUB","D",28,"H","F",12,0.389
"RUB","D",28,"H","F",13,0.265
"RUB","D",28,"H","F",14,0.387
"RUB","D",28,"H","F",15,0.392
"RUB","D",28,"H","F",16,
"RUB","D",28,"H","F",17,
"RUB","D",28,"H","F",18,
"RUB","D",28,"H","F",19,
"RUB","D",28,"H","F",20,
"RUB","A",24,"H","F",1,0.467
"RUB","A",24,"H","F",2,0.399
"RUB","A",24,"H","F",3,0.539
"RUB","A",24,"H","F",4,0.477
"RUB","A",24,"H","F",5,0.431
"RUB","A",24,"H","F",6,0.399
"RUB","A",24,"H","F",7,0.414
"RUB","A",24,"H","F",8,
"RUB","A",24,"H","F",9,
"RUB","A",24,"H","F",10,
"RUB","A",24,"H","F",11,
"RUB","A",24,"H","F",12,
"RUB","A",24,"H","F",13,
"RUB","A",24,"H","F",14,
"RUB","A",24,"H","F",15,
"RUB","A",24,"H","F",16,
"RUB","A",24,"H","F",17,
"RUB","A",24,"H","F",18,
"RUB","A",24,"H","F",19,
"RUB","A",24,"H","F",20,
"RUB","G",24,"H","F",1,0.434
"RUB","G",24,"H","F",2,0.754
"RUB","G",24,"H","F",3,0.645
"RUB","G",24,"H","F",4,0.541
"RUB","G",24,"H","F",5,0.59
"RUB","G",24,"H","F",6,0.74
"RUB","G",24,"H","F",7,0.69
"RUB","G",24,"H","F",8,0.41
"RUB","G",24,"H","F",9,0.443
"RUB","G",24,"H","F",10,0.521
"RUB","G",24,"H","F",11,0.453
"RUB","G",24,"H","F",12,0.43
"RUB","G",24,"H","F",13,0.478
"RUB","G",24,"H","F",14,0.644
"RUB","G",24,"H","F",15,0.624
"RUB","G",24,"H","F",16,0.42
"RUB","G",24,"H","F",17,0.44
"RUB","G",24,"H","F",18,0.516
"RUB","G",24,"H","F",19,0.528
"RUB","G",24,"H","F",20,0.435
"RUB","L",24,"H","F",1,0.43
"RUB","L",24,"H","F",2,0.344
"RUB","C",24,"H","F",1,0.817
"RUB","C",24,"H","F",2,0.533
"RUB","C",24,"H","F",3,0.519
"RUB","C",24,"H","F",4,0.648
"RUB","C",24,"H","F",5,0.744
"RUB","C",24,"H","F",6,0.477
"RUB","C",24,"H","F",7,0.631
"RUB","C",24,"H","F",8,0.6
"RUB","C",24,"H","F",9,0.616
"RUB","C",24,"H","F",10,0.592
"RUB","C",24,"H","F",11,0.485
"RUB","C",24,"H","F",12,0.692
"RUB","C",24,"H","F",13,0.759
"RUB","C",24,"H","F",14,0.533
"RUB","C",24,"H","F",15,0.619
"RUB","C",24,"H","F",16,0.891
"RUB","C",24,"H","F",17,0.581
"RUB","C",24,"H","F",18,0.471
"RUB","C",24,"H","F",19,0.631
"RUB","C",24,"H","F",20,0.474
"RUB","D",24,"H","F",1,0.404
"RUB","D",24,"H","F",2,0.565
"RUB","D",24,"H","F",3,0.354
"RUB","D",24,"H","F",4,0.454
"RUB","D",24,"H","F",5,0.519
"RUB","D",24,"H","F",6,0.48
"RUB","D",24,"H","F",7,0.554
"RUB","D",24,"H","F",8,0.559
"RUB","D",24,"H","F",9,0.489
"RUB","D",24,"H","F",10,0.47
"RUB","D",24,"H","F",11,0.458
"RUB","D",24,"H","F",12,0.445
"RUB","D",24,"H","F",13,0.513
"RUB","D",24,"H","F",14,0.46
"RUB","D",24,"H","F",15,0.53
"RUB","D",24,"H","F",16,0.403
"RUB","D",24,"H","F",17,0.525
"RUB","D",24,"H","F",18,0.498
"RUB","D",24,"H","F",19,0.643
"RUB","D",24,"H","F",20,0.448
"RUB","A",20,"H","F",1,0.563
"RUB","A",20,"H","F",2,0.6
"RUB","A",20,"H","F",3,0.521
"RUB","A",20,"H","F",4,0.596
"RUB","A",20,"H","F",5,
"RUB","A",20,"H","F",6,
"RUB","A",20,"H","F",7,
"RUB","A",20,"H","F",8,
"RUB","A",20,"H","F",9,
"RUB","A",20,"H","F",10,
"RUB","A",20,"H","F",11,
"RUB","A",20,"H","F",12,
"RUB","A",20,"H","F",13,
"RUB","A",20,"H","F",14,
"RUB","A",20,"H","F",15,
"RUB","A",20,"H","F",16,
"RUB","A",20,"H","F",17,
"RUB","G",20,"H","F",1,0.604
"RUB","G",20,"H","F",2,0.608
"RUB","G",20,"H","F",3,0.503
"RUB","G",20,"H","F",4,0.458
"RUB","G",20,"H","F",5,0.627
"RUB","G",20,"H","F",6,0.518
"RUB","G",20,"H","F",7,0.589
"RUB","G",20,"H","F",8,0.561
"RUB","G",20,"H","F",9,0.584
"RUB","G",20,"H","F",10,0.495
"RUB","G",20,"H","F",11,0.398
"RUB","G",20,"H","F",12,0.503
"RUB","G",20,"H","F",13,0.619
"RUB","G",20,"H","F",14,0.565
"RUB","G",20,"H","F",15,0.52
"RUB","G",20,"H","F",16,0.45
"RUB","G",20,"H","F",17,0.58
"RUB","G",20,"H","F",18,0.676
"RUB","G",20,"H","F",19,0.595
"RUB","G",20,"H","F",20,0.505
"RUB","L",20,"H","F",1,0.537
"RUB","L",20,"H","F",2,0.601
"RUB","L",20,"H","F",3,0.576
"RUB","L",20,"H","F",4,0.292
"RUB","L",20,"H","F",5,
"RUB","L",20,"H","F",6,
"RUB","L",20,"H","F",7,
"RUB","L",20,"H","F",8,
"RUB","L",20,"H","F",9,
"RUB","L",20,"H","F",10,
"RUB","L",20,"H","F",11,
"RUB","L",20,"H","F",12,
"RUB","L",20,"H","F",13,
"RUB","L",20,"H","F",14,
"RUB","L",20,"H","F",15,
"RUB","L",20,"H","F",16,
"RUB","L",20,"H","F",17,
"RUB","L",20,"H","F",18,
"RUB","L",20,"H","F",19,
"RUB","L",20,"H","F",20,
"RUB","C",20,"H","F",1,0.483
"RUB","C",20,"H","F",2,0.614
"RUB","C",20,"H","F",3,0.607
"RUB","C",20,"H","F",4,0.601
"RUB","C",20,"H","F",5,0.632
"RUB","C",20,"H","F",6,0.594
"RUB","C",20,"H","F",7,0.616
"RUB","C",20,"H","F",8,0.639
"RUB","C",20,"H","F",9,0.705
"RUB","C",20,"H","F",10,0.568
"RUB","C",20,"H","F",11,0.705
"RUB","C",20,"H","F",12,0.581
"RUB","C",20,"H","F",13,0.606
"RUB","C",20,"H","F",14,0.605
"RUB","C",20,"H","F",15,0.575
"RUB","C",20,"H","F",16,0.556
"RUB","C",20,"H","F",17,0.879
"RUB","C",20,"H","F",18,0.629
"RUB","C",20,"H","F",19,0.63
"RUB","C",20,"H","F",20,0.618
"RUB","D",20,"H","F",1,0.447
"RUB","D",20,"H","F",2,0.442
"RUB","D",20,"H","F",3,0.474
"RUB","D",20,"H","F",4,0.517
"RUB","D",20,"H","F",5,0.537
"RUB","D",20,"H","F",6,0.562
"RUB","D",20,"H","F",7,0.478
"RUB","D",20,"H","F",8,0.446
"RUB","D",20,"H","F",9,0.442
"RUB","D",20,"H","F",10,0.599
"RUB","D",20,"H","F",11,0.528
"RUB","D",20,"H","F",12,0.515
"RUB","D",20,"H","F",13,0.466
"RUB","D",20,"H","F",14,0.461
"RUB","D",20,"H","F",15,0.528
"RUB","D",20,"H","F",16,0.412
"RUB","D",20,"H","F",17,0.489
"RUB","D",20,"H","F",18,0.425
"RUB","D",20,"H","F",19,0.437
"RUB","D",20,"H","F",20,0.559
"RUB","M",28,"H","F",1,0.407
"RUB","M",28,"H","F",2,0.497
"RUB","M",28,"H","F",3,0.489
"RUB","M",28,"H","F",4,0.394
"RUB","M",28,"H","F",5,0.318
"RUB","M",28,"H","F",6,0.449
"RUB","M",28,"H","F",7,0.352
"RUB","M",28,"H","F",8,0.364
"RUB","M",28,"H","F",9,0.439
"RUB","M",28,"H","F",10,0.405
"RUB","M",28,"H","F",11,0.484
"RUB","M",28,"H","F",12,0.448
"RUB","M",28,"H","F",13,0.432
"RUB","M",28,"H","F",14,0.442
"RUB","M",28,"H","F",15,0.367
"RUB","M",28,"H","F",16,0.324
"RUB","M",28,"H","F",17,0.406
"RUB","M",28,"H","F",18,0.485
"RUB","M",28,"H","F",19,0.353
"RUB","M",28,"H","F",20,0.343
